trend,hi,lo,n,hit_rate,he_med,le_med,dir_acc,ticker
none,close_atr@1.5,close_atr@1.5,81,0.0494,2.22,2.39,0.494,AAPL
none,close_atr@1.5,close_atr@2.0,81,0.0247,2.22,2.88,0.494,AAPL
none,close_atr@1.5,close_atr@2.5,81,0.0123,2.22,3.74,0.494,AAPL
none,close_atr@1.5,close_atr@3.0,81,0.0247,2.22,4.81,0.494,AAPL
none,close_atr@1.5,lo20_atr@0.5,81,0.0247,2.22,5.92,0.531,AAPL
none,close_atr@1.5,lo20_atr@1.0,81,0.0247,2.22,6.64,0.506,AAPL
none,close_atr@1.5,keltner@2.0,81,0.0494,2.22,3.51,0.519,AAPL
none,close_atr@1.5,keltner@2.5,81,0.0123,2.22,4.05,0.531,AAPL
none,close_atr@1.5,fibext@1.272,81,0.0123,2.22,7.54,0.519,AAPL
none,close_atr@1.5,fibext@1.618,81,0.0247,2.22,11.04,0.481,AAPL
none,close_atr@2.0,close_atr@1.5,81,0.0247,2.37,2.39,0.506,AAPL
none,close_atr@2.0,close_atr@2.0,81,0.037,2.37,2.88,0.494,AAPL
none,close_atr@2.0,close_atr@2.5,81,0.0123,2.37,3.74,0.494,AAPL
none,close_atr@2.0,close_atr@3.0,81,0.037,2.37,4.81,0.494,AAPL
none,close_atr@2.0,lo20_atr@0.5,81,0.0247,2.37,5.92,0.531,AAPL
none,close_atr@2.0,lo20_atr@1.0,81,0.0247,2.37,6.64,0.531,AAPL
none,close_atr@2.0,keltner@2.0,81,0.0494,2.37,3.51,0.556,AAPL
none,close_atr@2.0,keltner@2.5,81,0.0,2.37,4.05,0.519,AAPL
none,close_atr@2.0,fibext@1.272,81,0.0123,2.37,7.54,0.506,AAPL
none,close_atr@2.0,fibext@1.618,81,0.0,2.37,11.04,0.481,AAPL
none,close_atr@2.5,close_atr@1.5,81,0.0123,3.04,2.39,0.506,AAPL
none,close_atr@2.5,close_atr@2.0,81,0.0247,3.04,2.88,0.506,AAPL
none,close_atr@2.5,close_atr@2.5,81,0.0123,3.04,3.74,0.494,AAPL
none,close_atr@2.5,close_atr@3.0,81,0.0123,3.04,4.81,0.494,AAPL
none,close_atr@2.5,lo20_atr@0.5,81,0.0123,3.04,5.92,0.531,AAPL
none,close_atr@2.5,lo20_atr@1.0,81,0.0123,3.04,6.64,0.531,AAPL
none,close_atr@2.5,keltner@2.0,81,0.0247,3.04,3.51,0.543,AAPL
none,close_atr@2.5,keltner@2.5,81,0.0,3.04,4.05,0.556,AAPL
none,close_atr@2.5,fibext@1.272,81,0.0,3.04,7.54,0.506,AAPL
none,close_atr@2.5,fibext@1.618,81,0.0,3.04,11.04,0.506,AAPL
none,close_atr@3.0,close_atr@1.5,81,0.0123,3.51,2.39,0.506,AAPL
none,close_atr@3.0,close_atr@2.0,81,0.0247,3.51,2.88,0.506,AAPL
none,close_atr@3.0,close_atr@2.5,81,0.0123,3.51,3.74,0.506,AAPL
none,close_atr@3.0,close_atr@3.0,81,0.0123,3.51,4.81,0.494,AAPL
none,close_atr@3.0,lo20_atr@0.5,81,0.0,3.51,5.92,0.543,AAPL
none,close_atr@3.0,lo20_atr@1.0,81,0.0,3.51,6.64,0.531,AAPL
none,close_atr@3.0,keltner@2.0,81,0.0123,3.51,3.51,0.531,AAPL
none,close_atr@3.0,keltner@2.5,81,0.0,3.51,4.05,0.543,AAPL
none,close_atr@3.0,fibext@1.272,81,0.0,3.51,7.54,0.506,AAPL
none,close_atr@3.0,fibext@1.618,81,0.0,3.51,11.04,0.531,AAPL
none,hi20_atr@0.5,close_atr@1.5,81,0.0247,3.98,2.39,0.494,AAPL
none,hi20_atr@0.5,close_atr@2.0,81,0.0247,3.98,2.88,0.481,AAPL
none,hi20_atr@0.5,close_atr@2.5,81,0.0123,3.98,3.74,0.481,AAPL
none,hi20_atr@0.5,close_atr@3.0,81,0.0494,3.98,4.81,0.506,AAPL
none,hi20_atr@0.5,lo20_atr@0.5,81,0.0,3.98,5.92,0.519,AAPL
none,hi20_atr@0.5,lo20_atr@1.0,81,0.0,3.98,6.64,0.494,AAPL
none,hi20_atr@0.5,keltner@2.0,81,0.0123,3.98,3.51,0.494,AAPL
none,hi20_atr@0.5,keltner@2.5,81,0.0,3.98,4.05,0.506,AAPL
none,hi20_atr@0.5,fibext@1.272,81,0.0,3.98,7.54,0.531,AAPL
none,hi20_atr@0.5,fibext@1.618,81,0.0,3.98,11.04,0.531,AAPL
none,hi20_atr@1.0,close_atr@1.5,81,0.037,4.19,2.39,0.519,AAPL
none,hi20_atr@1.0,close_atr@2.0,81,0.037,4.19,2.88,0.494,AAPL
none,hi20_atr@1.0,close_atr@2.5,81,0.0123,4.19,3.74,0.481,AAPL
none,hi20_atr@1.0,close_atr@3.0,81,0.037,4.19,4.81,0.481,AAPL
none,hi20_atr@1.0,lo20_atr@0.5,81,0.0,4.19,5.92,0.519,AAPL
none,hi20_atr@1.0,lo20_atr@1.0,81,0.0,4.19,6.64,0.519,AAPL
none,hi20_atr@1.0,keltner@2.0,81,0.0247,4.19,3.51,0.506,AAPL
none,hi20_atr@1.0,keltner@2.5,81,0.0,4.19,4.05,0.494,AAPL
none,hi20_atr@1.0,fibext@1.272,81,0.0,4.19,7.54,0.531,AAPL
none,hi20_atr@1.0,fibext@1.618,81,0.0,4.19,11.04,0.543,AAPL
none,keltner@2.0,close_atr@1.5,81,0.0,3.52,2.39,0.543,AAPL
none,keltner@2.0,close_atr@2.0,81,0.0,3.52,2.88,0.556,AAPL
none,keltner@2.0,close_atr@2.5,81,0.0123,3.52,3.74,0.519,AAPL
none,keltner@2.0,close_atr@3.0,81,0.0247,3.52,4.81,0.531,AAPL
none,keltner@2.0,lo20_atr@0.5,81,0.0,3.52,5.92,0.519,AAPL
none,keltner@2.0,lo20_atr@1.0,81,0.0,3.52,6.64,0.543,AAPL
none,keltner@2.0,keltner@2.0,81,0.037,3.52,3.51,0.556,AAPL
none,keltner@2.0,keltner@2.5,81,0.0123,3.52,4.05,0.556,AAPL
none,keltner@2.0,fibext@1.272,81,0.0,3.52,7.54,0.543,AAPL
none,keltner@2.0,fibext@1.618,81,0.0,3.52,11.04,0.506,AAPL
none,keltner@2.5,close_atr@1.5,81,0.0123,3.59,2.39,0.531,AAPL
none,keltner@2.5,close_atr@2.0,81,0.0123,3.59,2.88,0.543,AAPL
none,keltner@2.5,close_atr@2.5,81,0.0247,3.59,3.74,0.556,AAPL
none,keltner@2.5,close_atr@3.0,81,0.0494,3.59,4.81,0.519,AAPL
none,keltner@2.5,lo20_atr@0.5,81,0.0,3.59,5.92,0.519,AAPL
none,keltner@2.5,lo20_atr@1.0,81,0.0,3.59,6.64,0.519,AAPL
none,keltner@2.5,keltner@2.0,81,0.0123,3.59,3.51,0.543,AAPL
none,keltner@2.5,keltner@2.5,81,0.0,3.59,4.05,0.556,AAPL
none,keltner@2.5,fibext@1.272,81,0.0,3.59,7.54,0.556,AAPL
none,keltner@2.5,fibext@1.618,81,0.0,3.59,11.04,0.519,AAPL
none,fibext@1.272,close_atr@1.5,81,0.0247,4.91,2.39,0.481,AAPL
none,fibext@1.272,close_atr@2.0,81,0.0,4.91,2.88,0.457,AAPL
none,fibext@1.272,close_atr@2.5,81,0.0,4.91,3.74,0.432,AAPL
none,fibext@1.272,close_atr@3.0,81,0.0,4.91,4.81,0.432,AAPL
none,fibext@1.272,lo20_atr@0.5,81,0.0,4.91,5.92,0.494,AAPL
none,fibext@1.272,lo20_atr@1.0,81,0.0,4.91,6.64,0.506,AAPL
none,fibext@1.272,keltner@2.0,81,0.0,4.91,3.51,0.481,AAPL
none,fibext@1.272,keltner@2.5,81,0.0,4.91,4.05,0.506,AAPL
none,fibext@1.272,fibext@1.272,81,0.0,4.91,7.54,0.519,AAPL
none,fibext@1.272,fibext@1.618,81,0.0,4.91,11.04,0.531,AAPL
none,fibext@1.618,close_atr@1.5,81,0.0123,7.55,2.39,0.494,AAPL
none,fibext@1.618,close_atr@2.0,81,0.0123,7.55,2.88,0.481,AAPL
none,fibext@1.618,close_atr@2.5,81,0.0,7.55,3.74,0.469,AAPL
none,fibext@1.618,close_atr@3.0,81,0.0,7.55,4.81,0.469,AAPL
none,fibext@1.618,lo20_atr@0.5,81,0.0,7.55,5.92,0.506,AAPL
none,fibext@1.618,lo20_atr@1.0,81,0.0,7.55,6.64,0.519,AAPL
none,fibext@1.618,keltner@2.0,81,0.0,7.55,3.51,0.506,AAPL
none,fibext@1.618,keltner@2.5,81,0.0,7.55,4.05,0.481,AAPL
none,fibext@1.618,fibext@1.272,81,0.0,7.55,7.54,0.519,AAPL
none,fibext@1.618,fibext@1.618,81,0.0,7.55,11.04,0.519,AAPL
ema50,close_atr@1.5,close_atr@1.5,81,0.0247,2.29,2.8,0.469,AAPL
ema50,close_atr@1.5,close_atr@2.0,81,0.0247,2.29,3.19,0.494,AAPL
ema50,close_atr@1.5,close_atr@2.5,81,0.0247,2.29,3.89,0.494,AAPL
ema50,close_atr@1.5,close_atr@3.0,81,0.037,2.29,4.88,0.494,AAPL
ema50,close_atr@1.5,lo20_atr@0.5,81,0.0247,2.29,5.92,0.531,AAPL
ema50,close_atr@1.5,lo20_atr@1.0,81,0.0,2.29,7.0,0.494,AAPL
ema50,close_atr@1.5,keltner@2.0,81,0.0494,2.29,3.96,0.543,AAPL
ema50,close_atr@1.5,keltner@2.5,81,0.0,2.29,4.78,0.543,AAPL
ema50,close_atr@1.5,fibext@1.272,81,0.0123,2.29,8.83,0.494,AAPL
ema50,close_atr@1.5,fibext@1.618,81,0.0,2.29,12.56,0.494,AAPL
ema50,close_atr@2.0,close_atr@1.5,81,0.0123,2.61,2.8,0.469,AAPL
ema50,close_atr@2.0,close_atr@2.0,81,0.0123,2.61,3.19,0.469,AAPL
ema50,close_atr@2.0,close_atr@2.5,81,0.0247,2.61,3.89,0.494,AAPL
ema50,close_atr@2.0,close_atr@3.0,81,0.0247,2.61,4.88,0.494,AAPL
ema50,close_atr@2.0,lo20_atr@0.5,81,0.0247,2.61,5.92,0.531,AAPL
ema50,close_atr@2.0,lo20_atr@1.0,81,0.0,2.61,7.0,0.531,AAPL
ema50,close_atr@2.0,keltner@2.0,81,0.0247,2.61,3.96,0.506,AAPL
ema50,close_atr@2.0,keltner@2.5,81,0.0,2.61,4.78,0.543,AAPL
ema50,close_atr@2.0,fibext@1.272,81,0.0,2.61,8.83,0.506,AAPL
ema50,close_atr@2.0,fibext@1.618,81,0.0,2.61,12.56,0.506,AAPL
ema50,close_atr@2.5,close_atr@1.5,81,0.0123,3.36,2.8,0.506,AAPL
ema50,close_atr@2.5,close_atr@2.0,81,0.0123,3.36,3.19,0.469,AAPL
ema50,close_atr@2.5,close_atr@2.5,81,0.0123,3.36,3.89,0.469,AAPL
ema50,close_atr@2.5,close_atr@3.0,81,0.0123,3.36,4.88,0.494,AAPL
ema50,close_atr@2.5,lo20_atr@0.5,81,0.0123,3.36,5.92,0.519,AAPL
ema50,close_atr@2.5,lo20_atr@1.0,81,0.0,3.36,7.0,0.531,AAPL
ema50,close_atr@2.5,keltner@2.0,81,0.0123,3.36,3.96,0.543,AAPL
ema50,close_atr@2.5,keltner@2.5,81,0.0,3.36,4.78,0.506,AAPL
ema50,close_atr@2.5,fibext@1.272,81,0.0,3.36,8.83,0.481,AAPL
ema50,close_atr@2.5,fibext@1.618,81,0.0,3.36,12.56,0.506,AAPL
ema50,close_atr@3.0,close_atr@1.5,81,0.0123,3.98,2.8,0.506,AAPL
ema50,close_atr@3.0,close_atr@2.0,81,0.0,3.98,3.19,0.506,AAPL
ema50,close_atr@3.0,close_atr@2.5,81,0.0,3.98,3.89,0.469,AAPL
ema50,close_atr@3.0,close_atr@3.0,81,0.0123,3.98,4.88,0.469,AAPL
ema50,close_atr@3.0,lo20_atr@0.5,81,0.0,3.98,5.92,0.543,AAPL
ema50,close_atr@3.0,lo20_atr@1.0,81,0.0,3.98,7.0,0.519,AAPL
ema50,close_atr@3.0,keltner@2.0,81,0.0,3.98,3.96,0.531,AAPL
ema50,close_atr@3.0,keltner@2.5,81,0.0,3.98,4.78,0.543,AAPL
ema50,close_atr@3.0,fibext@1.272,81,0.0,3.98,8.83,0.506,AAPL
ema50,close_atr@3.0,fibext@1.618,81,0.0,3.98,12.56,0.481,AAPL
ema50,hi20_atr@0.5,close_atr@1.5,81,0.037,3.8,2.8,0.481,AAPL
ema50,hi20_atr@0.5,close_atr@2.0,81,0.037,3.8,3.19,0.481,AAPL
ema50,hi20_atr@0.5,close_atr@2.5,81,0.0123,3.8,3.89,0.531,AAPL
ema50,hi20_atr@0.5,close_atr@3.0,81,0.037,3.8,4.88,0.481,AAPL
ema50,hi20_atr@0.5,lo20_atr@0.5,81,0.0,3.8,5.92,0.506,AAPL
ema50,hi20_atr@0.5,lo20_atr@1.0,81,0.0,3.8,7.0,0.568,AAPL
ema50,hi20_atr@0.5,keltner@2.0,81,0.0247,3.8,3.96,0.494,AAPL
ema50,hi20_atr@0.5,keltner@2.5,81,0.0123,3.8,4.78,0.519,AAPL
ema50,hi20_atr@0.5,fibext@1.272,81,0.0,3.8,8.83,0.531,AAPL
ema50,hi20_atr@0.5,fibext@1.618,81,0.0,3.8,12.56,0.494,AAPL
ema50,hi20_atr@1.0,close_atr@1.5,81,0.0247,3.87,2.8,0.494,AAPL
ema50,hi20_atr@1.0,close_atr@2.0,81,0.0123,3.87,3.19,0.481,AAPL
ema50,hi20_atr@1.0,close_atr@2.5,81,0.0123,3.87,3.89,0.481,AAPL
ema50,hi20_atr@1.0,close_atr@3.0,81,0.0123,3.87,4.88,0.531,AAPL
ema50,hi20_atr@1.0,lo20_atr@0.5,81,0.0,3.87,5.92,0.481,AAPL
ema50,hi20_atr@1.0,lo20_atr@1.0,81,0.0,3.87,7.0,0.506,AAPL
ema50,hi20_atr@1.0,keltner@2.0,81,0.0247,3.87,3.96,0.494,AAPL
ema50,hi20_atr@1.0,keltner@2.5,81,0.0,3.87,4.78,0.494,AAPL
ema50,hi20_atr@1.0,fibext@1.272,81,0.0,3.87,8.83,0.531,AAPL
ema50,hi20_atr@1.0,fibext@1.618,81,0.0,3.87,12.56,0.494,AAPL
ema50,keltner@2.0,close_atr@1.5,81,0.0123,3.41,2.8,0.543,AAPL
ema50,keltner@2.0,close_atr@2.0,81,0.0123,3.41,3.19,0.506,AAPL
ema50,keltner@2.0,close_atr@2.5,81,0.0247,3.41,3.89,0.543,AAPL
ema50,keltner@2.0,close_atr@3.0,81,0.0494,3.41,4.88,0.543,AAPL
ema50,keltner@2.0,lo20_atr@0.5,81,0.0,3.41,5.92,0.543,AAPL
ema50,keltner@2.0,lo20_atr@1.0,81,0.0,3.41,7.0,0.543,AAPL
ema50,keltner@2.0,keltner@2.0,81,0.0123,3.41,3.96,0.556,AAPL
ema50,keltner@2.0,keltner@2.5,81,0.0123,3.41,4.78,0.519,AAPL
ema50,keltner@2.0,fibext@1.272,81,0.0,3.41,8.83,0.531,AAPL
ema50,keltner@2.0,fibext@1.618,81,0.0,3.41,12.56,0.506,AAPL
ema50,keltner@2.5,close_atr@1.5,81,0.0123,3.71,2.8,0.531,AAPL
ema50,keltner@2.5,close_atr@2.0,81,0.0247,3.71,3.19,0.543,AAPL
ema50,keltner@2.5,close_atr@2.5,81,0.0247,3.71,3.89,0.506,AAPL
ema50,keltner@2.5,close_atr@3.0,81,0.0494,3.71,4.88,0.543,AAPL
ema50,keltner@2.5,lo20_atr@0.5,81,0.0,3.71,5.92,0.519,AAPL
ema50,keltner@2.5,lo20_atr@1.0,81,0.0,3.71,7.0,0.543,AAPL
ema50,keltner@2.5,keltner@2.0,81,0.0247,3.71,3.96,0.543,AAPL
ema50,keltner@2.5,keltner@2.5,81,0.0,3.71,4.78,0.556,AAPL
ema50,keltner@2.5,fibext@1.272,81,0.0,3.71,8.83,0.506,AAPL
ema50,keltner@2.5,fibext@1.618,81,0.0,3.71,12.56,0.494,AAPL
ema50,fibext@1.272,close_atr@1.5,81,0.0,7.78,2.8,0.481,AAPL
ema50,fibext@1.272,close_atr@2.0,81,0.0,7.78,3.19,0.469,AAPL
ema50,fibext@1.272,close_atr@2.5,81,0.0,7.78,3.89,0.457,AAPL
ema50,fibext@1.272,close_atr@3.0,81,0.0,7.78,4.88,0.469,AAPL
ema50,fibext@1.272,lo20_atr@0.5,81,0.0,7.78,5.92,0.494,AAPL
ema50,fibext@1.272,lo20_atr@1.0,81,0.0,7.78,7.0,0.506,AAPL
ema50,fibext@1.272,keltner@2.0,81,0.0,7.78,3.96,0.432,AAPL
ema50,fibext@1.272,keltner@2.5,81,0.0,7.78,4.78,0.444,AAPL
ema50,fibext@1.272,fibext@1.272,81,0.0,7.78,8.83,0.506,AAPL
ema50,fibext@1.272,fibext@1.618,81,0.0,7.78,12.56,0.494,AAPL
ema50,fibext@1.618,close_atr@1.5,81,0.0123,11.25,2.8,0.506,AAPL
ema50,fibext@1.618,close_atr@2.0,81,0.0,11.25,3.19,0.506,AAPL
ema50,fibext@1.618,close_atr@2.5,81,0.0,11.25,3.89,0.494,AAPL
ema50,fibext@1.618,close_atr@3.0,81,0.0,11.25,4.88,0.469,AAPL
ema50,fibext@1.618,lo20_atr@0.5,81,0.0,11.25,5.92,0.481,AAPL
ema50,fibext@1.618,lo20_atr@1.0,81,0.0,11.25,7.0,0.469,AAPL
ema50,fibext@1.618,keltner@2.0,81,0.0,11.25,3.96,0.494,AAPL
ema50,fibext@1.618,keltner@2.5,81,0.0,11.25,4.78,0.481,AAPL
ema50,fibext@1.618,fibext@1.272,81,0.0,11.25,8.83,0.519,AAPL
ema50,fibext@1.618,fibext@1.618,81,0.0,11.25,12.56,0.506,AAPL
macd,close_atr@1.5,close_atr@1.5,81,0.0247,2.22,2.78,0.457,AAPL
macd,close_atr@1.5,close_atr@2.0,81,0.0,2.22,2.88,0.494,AAPL
macd,close_atr@1.5,close_atr@2.5,81,0.0123,2.22,3.83,0.494,AAPL
macd,close_atr@1.5,close_atr@3.0,81,0.0494,2.22,4.97,0.494,AAPL
macd,close_atr@1.5,lo20_atr@0.5,81,0.0247,2.22,6.12,0.506,AAPL
macd,close_atr@1.5,lo20_atr@1.0,81,0.0,2.22,7.0,0.494,AAPL
macd,close_atr@1.5,keltner@2.0,81,0.037,2.22,3.92,0.568,AAPL
macd,close_atr@1.5,keltner@2.5,81,0.0,2.22,4.88,0.543,AAPL
macd,close_atr@1.5,fibext@1.272,81,0.0,2.22,9.27,0.494,AAPL
macd,close_atr@1.5,fibext@1.618,81,0.0,2.22,13.35,0.494,AAPL
macd,close_atr@2.0,close_atr@1.5,81,0.0494,2.57,2.78,0.457,AAPL
macd,close_atr@2.0,close_atr@2.0,81,0.0247,2.57,2.88,0.457,AAPL
macd,close_atr@2.0,close_atr@2.5,81,0.0123,2.57,3.83,0.494,AAPL
macd,close_atr@2.0,close_atr@3.0,81,0.0247,2.57,4.97,0.494,AAPL
macd,close_atr@2.0,lo20_atr@0.5,81,0.0247,2.57,6.12,0.543,AAPL
macd,close_atr@2.0,lo20_atr@1.0,81,0.0,2.57,7.0,0.506,AAPL
macd,close_atr@2.0,keltner@2.0,81,0.0123,2.57,3.92,0.543,AAPL
macd,close_atr@2.0,keltner@2.5,81,0.0,2.57,4.88,0.568,AAPL
macd,close_atr@2.0,fibext@1.272,81,0.0,2.57,9.27,0.481,AAPL
macd,close_atr@2.0,fibext@1.618,81,0.0,2.57,13.35,0.494,AAPL
macd,close_atr@2.5,close_atr@1.5,81,0.0247,3.36,2.78,0.506,AAPL
macd,close_atr@2.5,close_atr@2.0,81,0.0247,3.36,2.88,0.457,AAPL
macd,close_atr@2.5,close_atr@2.5,81,0.0,3.36,3.83,0.457,AAPL
macd,close_atr@2.5,close_atr@3.0,81,0.0,3.36,4.97,0.494,AAPL
macd,close_atr@2.5,lo20_atr@0.5,81,0.0123,3.36,6.12,0.543,AAPL
macd,close_atr@2.5,lo20_atr@1.0,81,0.0,3.36,7.0,0.543,AAPL
macd,close_atr@2.5,keltner@2.0,81,0.0,3.36,3.92,0.519,AAPL
macd,close_atr@2.5,keltner@2.5,81,0.0,3.36,4.88,0.543,AAPL
macd,close_atr@2.5,fibext@1.272,81,0.0,3.36,9.27,0.494,AAPL
macd,close_atr@2.5,fibext@1.618,81,0.0,3.36,13.35,0.506,AAPL
macd,close_atr@3.0,close_atr@1.5,81,0.0123,3.98,2.78,0.506,AAPL
macd,close_atr@3.0,close_atr@2.0,81,0.0123,3.98,2.88,0.506,AAPL
macd,close_atr@3.0,close_atr@2.5,81,0.0123,3.98,3.83,0.457,AAPL
macd,close_atr@3.0,close_atr@3.0,81,0.0,3.98,4.97,0.457,AAPL
macd,close_atr@3.0,lo20_atr@0.5,81,0.0,3.98,6.12,0.543,AAPL
macd,close_atr@3.0,lo20_atr@1.0,81,0.0,3.98,7.0,0.543,AAPL
macd,close_atr@3.0,keltner@2.0,81,0.0,3.98,3.92,0.481,AAPL
macd,close_atr@3.0,keltner@2.5,81,0.0,3.98,4.88,0.519,AAPL
macd,close_atr@3.0,fibext@1.272,81,0.0,3.98,9.27,0.519,AAPL
macd,close_atr@3.0,fibext@1.618,81,0.0,3.98,13.35,0.494,AAPL
macd,hi20_atr@0.5,close_atr@1.5,81,0.037,4.19,2.78,0.481,AAPL
macd,hi20_atr@0.5,close_atr@2.0,81,0.0123,4.19,2.88,0.481,AAPL
macd,hi20_atr@0.5,close_atr@2.5,81,0.0,4.19,3.83,0.481,AAPL
macd,hi20_atr@0.5,close_atr@3.0,81,0.037,4.19,4.97,0.494,AAPL
macd,hi20_atr@0.5,lo20_atr@0.5,81,0.0,4.19,6.12,0.506,AAPL
macd,hi20_atr@0.5,lo20_atr@1.0,81,0.0,4.19,7.0,0.543,AAPL
macd,hi20_atr@0.5,keltner@2.0,81,0.0123,4.19,3.92,0.519,AAPL
macd,hi20_atr@0.5,keltner@2.5,81,0.0123,4.19,4.88,0.494,AAPL
macd,hi20_atr@0.5,fibext@1.272,81,0.0,4.19,9.27,0.543,AAPL
macd,hi20_atr@0.5,fibext@1.618,81,0.0,4.19,13.35,0.481,AAPL
macd,hi20_atr@1.0,close_atr@1.5,81,0.0617,3.89,2.78,0.457,AAPL
macd,hi20_atr@1.0,close_atr@2.0,81,0.0247,3.89,2.88,0.481,AAPL
macd,hi20_atr@1.0,close_atr@2.5,81,0.0,3.89,3.83,0.481,AAPL
macd,hi20_atr@1.0,close_atr@3.0,81,0.0123,3.89,4.97,0.481,AAPL
macd,hi20_atr@1.0,lo20_atr@0.5,81,0.0,3.89,6.12,0.519,AAPL
macd,hi20_atr@1.0,lo20_atr@1.0,81,0.0,3.89,7.0,0.506,AAPL
macd,hi20_atr@1.0,keltner@2.0,81,0.0123,3.89,3.92,0.519,AAPL
macd,hi20_atr@1.0,keltner@2.5,81,0.0,3.89,4.88,0.519,AAPL
macd,hi20_atr@1.0,fibext@1.272,81,0.0,3.89,9.27,0.531,AAPL
macd,hi20_atr@1.0,fibext@1.618,81,0.0,3.89,13.35,0.481,AAPL
macd,keltner@2.0,close_atr@1.5,81,0.0,3.46,2.78,0.519,AAPL
macd,keltner@2.0,close_atr@2.0,81,0.0,3.46,2.88,0.543,AAPL
macd,keltner@2.0,close_atr@2.5,81,0.0247,3.46,3.83,0.568,AAPL
macd,keltner@2.0,close_atr@3.0,81,0.037,3.46,4.97,0.543,AAPL
macd,keltner@2.0,lo20_atr@0.5,81,0.0,3.46,6.12,0.543,AAPL
macd,keltner@2.0,lo20_atr@1.0,81,0.0,3.46,7.0,0.556,AAPL
macd,keltner@2.0,keltner@2.0,81,0.0123,3.46,3.92,0.556,AAPL
macd,keltner@2.0,keltner@2.5,81,0.0123,3.46,4.88,0.543,AAPL
macd,keltner@2.0,fibext@1.272,81,0.0,3.46,9.27,0.494,AAPL
macd,keltner@2.0,fibext@1.618,81,0.0,3.46,13.35,0.494,AAPL
macd,keltner@2.5,close_atr@1.5,81,0.0247,3.59,2.78,0.481,AAPL
macd,keltner@2.5,close_atr@2.0,81,0.0123,3.59,2.88,0.519,AAPL
macd,keltner@2.5,close_atr@2.5,81,0.0247,3.59,3.83,0.543,AAPL
macd,keltner@2.5,close_atr@3.0,81,0.037,3.59,4.97,0.568,AAPL
macd,keltner@2.5,lo20_atr@0.5,81,0.0,3.59,6.12,0.556,AAPL
macd,keltner@2.5,lo20_atr@1.0,81,0.0,3.59,7.0,0.543,AAPL
macd,keltner@2.5,keltner@2.0,81,0.0123,3.59,3.92,0.556,AAPL
macd,keltner@2.5,keltner@2.5,81,0.0,3.59,4.88,0.556,AAPL
macd,keltner@2.5,fibext@1.272,81,0.0,3.59,9.27,0.519,AAPL
macd,keltner@2.5,fibext@1.618,81,0.0,3.59,13.35,0.506,AAPL
macd,fibext@1.272,close_atr@1.5,81,0.0,7.35,2.78,0.481,AAPL
macd,fibext@1.272,close_atr@2.0,81,0.0,7.35,2.88,0.469,AAPL
macd,fibext@1.272,close_atr@2.5,81,0.0,7.35,3.83,0.432,AAPL
macd,fibext@1.272,close_atr@3.0,81,0.0,7.35,4.97,0.457,AAPL
macd,fibext@1.272,lo20_atr@0.5,81,0.0,7.35,6.12,0.506,AAPL
macd,fibext@1.272,lo20_atr@1.0,81,0.0,7.35,7.0,0.506,AAPL
macd,fibext@1.272,keltner@2.0,81,0.0,7.35,3.92,0.432,AAPL
macd,fibext@1.272,keltner@2.5,81,0.0,7.35,4.88,0.444,AAPL
macd,fibext@1.272,fibext@1.272,81,0.0,7.35,9.27,0.531,AAPL
macd,fibext@1.272,fibext@1.618,81,0.0,7.35,13.35,0.506,AAPL
macd,fibext@1.618,close_atr@1.5,81,0.0,10.6,2.78,0.506,AAPL
macd,fibext@1.618,close_atr@2.0,81,0.0,10.6,2.88,0.494,AAPL
macd,fibext@1.618,close_atr@2.5,81,0.0,10.6,3.83,0.494,AAPL
macd,fibext@1.618,close_atr@3.0,81,0.0,10.6,4.97,0.457,AAPL
macd,fibext@1.618,lo20_atr@0.5,81,0.0,10.6,6.12,0.457,AAPL
macd,fibext@1.618,lo20_atr@1.0,81,0.0,10.6,7.0,0.457,AAPL
macd,fibext@1.618,keltner@2.0,81,0.0,10.6,3.92,0.469,AAPL
macd,fibext@1.618,keltner@2.5,81,0.0,10.6,4.88,0.481,AAPL
macd,fibext@1.618,fibext@1.272,81,0.0,10.6,9.27,0.506,AAPL
macd,fibext@1.618,fibext@1.618,81,0.0,10.6,13.35,0.531,AAPL
mom10,close_atr@1.5,close_atr@1.5,81,0.0247,2.22,2.74,0.432,AAPL
mom10,close_atr@1.5,close_atr@2.0,81,0.0123,2.22,2.98,0.494,AAPL
mom10,close_atr@1.5,close_atr@2.5,81,0.0123,2.22,3.89,0.494,AAPL
mom10,close_atr@1.5,close_atr@3.0,81,0.0494,2.22,4.99,0.494,AAPL
mom10,close_atr@1.5,lo20_atr@0.5,81,0.0247,2.22,6.12,0.494,AAPL
mom10,close_atr@1.5,lo20_atr@1.0,81,0.0,2.22,7.0,0.494,AAPL
mom10,close_atr@1.5,keltner@2.0,81,0.037,2.22,3.92,0.531,AAPL
mom10,close_atr@1.5,keltner@2.5,81,0.0,2.22,4.88,0.531,AAPL
mom10,close_atr@1.5,fibext@1.272,81,0.0,2.22,9.6,0.494,AAPL
mom10,close_atr@1.5,fibext@1.618,81,0.0,2.22,13.51,0.494,AAPL
mom10,close_atr@2.0,close_atr@1.5,81,0.037,2.57,2.74,0.432,AAPL
mom10,close_atr@2.0,close_atr@2.0,81,0.0247,2.57,2.98,0.432,AAPL
mom10,close_atr@2.0,close_atr@2.5,81,0.0123,2.57,3.89,0.494,AAPL
mom10,close_atr@2.0,close_atr@3.0,81,0.0247,2.57,4.99,0.494,AAPL
mom10,close_atr@2.0,lo20_atr@0.5,81,0.0247,2.57,6.12,0.531,AAPL
mom10,close_atr@2.0,lo20_atr@1.0,81,0.0,2.57,7.0,0.494,AAPL
mom10,close_atr@2.0,keltner@2.0,81,0.0123,2.57,3.92,0.519,AAPL
mom10,close_atr@2.0,keltner@2.5,81,0.0,2.57,4.88,0.531,AAPL
mom10,close_atr@2.0,fibext@1.272,81,0.0,2.57,9.6,0.469,AAPL
mom10,close_atr@2.0,fibext@1.618,81,0.0,2.57,13.51,0.494,AAPL
mom10,close_atr@2.5,close_atr@1.5,81,0.0247,3.36,2.74,0.506,AAPL
mom10,close_atr@2.5,close_atr@2.0,81,0.0247,3.36,2.98,0.432,AAPL
mom10,close_atr@2.5,close_atr@2.5,81,0.0,3.36,3.89,0.432,AAPL
mom10,close_atr@2.5,close_atr@3.0,81,0.0,3.36,4.99,0.494,AAPL
mom10,close_atr@2.5,lo20_atr@0.5,81,0.0123,3.36,6.12,0.543,AAPL
mom10,close_atr@2.5,lo20_atr@1.0,81,0.0,3.36,7.0,0.531,AAPL
mom10,close_atr@2.5,keltner@2.0,81,0.0,3.36,3.92,0.519,AAPL
mom10,close_atr@2.5,keltner@2.5,81,0.0,3.36,4.88,0.519,AAPL
mom10,close_atr@2.5,fibext@1.272,81,0.0,3.36,9.6,0.481,AAPL
mom10,close_atr@2.5,fibext@1.618,81,0.0,3.36,13.51,0.494,AAPL
mom10,close_atr@3.0,close_atr@1.5,81,0.0123,3.98,2.74,0.506,AAPL
mom10,close_atr@3.0,close_atr@2.0,81,0.0123,3.98,2.98,0.506,AAPL
mom10,close_atr@3.0,close_atr@2.5,81,0.0123,3.98,3.89,0.432,AAPL
mom10,close_atr@3.0,close_atr@3.0,81,0.0,3.98,4.99,0.432,AAPL
mom10,close_atr@3.0,lo20_atr@0.5,81,0.0,3.98,6.12,0.519,AAPL
mom10,close_atr@3.0,lo20_atr@1.0,81,0.0,3.98,7.0,0.543,AAPL
mom10,close_atr@3.0,keltner@2.0,81,0.0,3.98,3.92,0.494,AAPL
mom10,close_atr@3.0,keltner@2.5,81,0.0,3.98,4.88,0.519,AAPL
mom10,close_atr@3.0,fibext@1.272,81,0.0,3.98,9.6,0.506,AAPL
mom10,close_atr@3.0,fibext@1.618,81,0.0,3.98,13.51,0.481,AAPL
mom10,hi20_atr@0.5,close_atr@1.5,81,0.037,4.08,2.74,0.494,AAPL
mom10,hi20_atr@0.5,close_atr@2.0,81,0.0247,4.08,2.98,0.469,AAPL
mom10,hi20_atr@0.5,close_atr@2.5,81,0.0,4.08,3.89,0.469,AAPL
mom10,hi20_atr@0.5,close_atr@3.0,81,0.037,4.08,4.99,0.481,AAPL
mom10,hi20_atr@0.5,lo20_atr@0.5,81,0.0,4.08,6.12,0.481,AAPL
mom10,hi20_atr@0.5,lo20_atr@1.0,81,0.0,4.08,7.0,0.531,AAPL
mom10,hi20_atr@0.5,keltner@2.0,81,0.0123,4.08,3.92,0.494,AAPL
mom10,hi20_atr@0.5,keltner@2.5,81,0.0123,4.08,4.88,0.494,AAPL
mom10,hi20_atr@0.5,fibext@1.272,81,0.0,4.08,9.6,0.519,AAPL
mom10,hi20_atr@0.5,fibext@1.618,81,0.0,4.08,13.51,0.481,AAPL
mom10,hi20_atr@1.0,close_atr@1.5,81,0.0494,3.89,2.74,0.469,AAPL
mom10,hi20_atr@1.0,close_atr@2.0,81,0.0247,3.89,2.98,0.494,AAPL
mom10,hi20_atr@1.0,close_atr@2.5,81,0.0,3.89,3.89,0.469,AAPL
mom10,hi20_atr@1.0,close_atr@3.0,81,0.0123,3.89,4.99,0.469,AAPL
mom10,hi20_atr@1.0,lo20_atr@0.5,81,0.0,3.89,6.12,0.506,AAPL
mom10,hi20_atr@1.0,lo20_atr@1.0,81,0.0,3.89,7.0,0.481,AAPL
mom10,hi20_atr@1.0,keltner@2.0,81,0.0123,3.89,3.92,0.494,AAPL
mom10,hi20_atr@1.0,keltner@2.5,81,0.0,3.89,4.88,0.494,AAPL
mom10,hi20_atr@1.0,fibext@1.272,81,0.0,3.89,9.6,0.506,AAPL
mom10,hi20_atr@1.0,fibext@1.618,81,0.0,3.89,13.51,0.481,AAPL
mom10,keltner@2.0,close_atr@1.5,81,0.0123,3.44,2.74,0.519,AAPL
mom10,keltner@2.0,close_atr@2.0,81,0.0123,3.44,2.98,0.519,AAPL
mom10,keltner@2.0,close_atr@2.5,81,0.0247,3.44,3.89,0.531,AAPL
mom10,keltner@2.0,close_atr@3.0,81,0.037,3.44,4.99,0.531,AAPL
mom10,keltner@2.0,lo20_atr@0.5,81,0.0,3.44,6.12,0.531,AAPL
mom10,keltner@2.0,lo20_atr@1.0,81,0.0,3.44,7.0,0.543,AAPL
mom10,keltner@2.0,keltner@2.0,81,0.0123,3.44,3.92,0.543,AAPL
mom10,keltner@2.0,keltner@2.5,81,0.0123,3.44,4.88,0.519,AAPL
mom10,keltner@2.0,fibext@1.272,81,0.0,3.44,9.6,0.481,AAPL
mom10,keltner@2.0,fibext@1.618,81,0.0,3.44,13.51,0.494,AAPL
mom10,keltner@2.5,close_atr@1.5,81,0.0247,3.58,2.74,0.494,AAPL
mom10,keltner@2.5,close_atr@2.0,81,0.0247,3.58,2.98,0.519,AAPL
mom10,keltner@2.5,close_atr@2.5,81,0.0247,3.58,3.89,0.519,AAPL
mom10,keltner@2.5,close_atr@3.0,81,0.037,3.58,4.99,0.531,AAPL
mom10,keltner@2.5,lo20_atr@0.5,81,0.0,3.58,6.12,0.531,AAPL
mom10,keltner@2.5,lo20_atr@1.0,81,0.0,3.58,7.0,0.531,AAPL
mom10,keltner@2.5,keltner@2.0,81,0.0123,3.58,3.92,0.556,AAPL
mom10,keltner@2.5,keltner@2.5,81,0.0,3.58,4.88,0.543,AAPL
mom10,keltner@2.5,fibext@1.272,81,0.0,3.58,9.6,0.506,AAPL
mom10,keltner@2.5,fibext@1.618,81,0.0,3.58,13.51,0.494,AAPL
mom10,fibext@1.272,close_atr@1.5,81,0.0,7.22,2.74,0.469,AAPL
mom10,fibext@1.272,close_atr@2.0,81,0.0,7.22,2.98,0.457,AAPL
mom10,fibext@1.272,close_atr@2.5,81,0.0,7.22,3.89,0.432,AAPL
mom10,fibext@1.272,close_atr@3.0,81,0.0,7.22,4.99,0.457,AAPL
mom10,fibext@1.272,lo20_atr@0.5,81,0.0,7.22,6.12,0.494,AAPL
mom10,fibext@1.272,lo20_atr@1.0,81,0.0,7.22,7.0,0.494,AAPL
mom10,fibext@1.272,keltner@2.0,81,0.0,7.22,3.92,0.432,AAPL
mom10,fibext@1.272,keltner@2.5,81,0.0,7.22,4.88,0.444,AAPL
mom10,fibext@1.272,fibext@1.272,81,0.0,7.22,9.6,0.494,AAPL
mom10,fibext@1.272,fibext@1.618,81,0.0,7.22,13.51,0.469,AAPL
mom10,fibext@1.618,close_atr@1.5,81,0.0,10.36,2.74,0.506,AAPL
mom10,fibext@1.618,close_atr@2.0,81,0.0,10.36,2.98,0.494,AAPL
mom10,fibext@1.618,close_atr@2.5,81,0.0,10.36,3.89,0.481,AAPL
mom10,fibext@1.618,close_atr@3.0,81,0.0,10.36,4.99,0.444,AAPL
mom10,fibext@1.618,lo20_atr@0.5,81,0.0,10.36,6.12,0.481,AAPL
mom10,fibext@1.618,lo20_atr@1.0,81,0.0,10.36,7.0,0.469,AAPL
mom10,fibext@1.618,keltner@2.0,81,0.0,10.36,3.92,0.469,AAPL
mom10,fibext@1.618,keltner@2.5,81,0.0,10.36,4.88,0.469,AAPL
mom10,fibext@1.618,fibext@1.272,81,0.0,10.36,9.6,0.494,AAPL
mom10,fibext@1.618,fibext@1.618,81,0.0,10.36,13.51,0.494,AAPL
rsi50,close_atr@1.5,close_atr@1.5,81,0.0247,2.27,2.8,0.457,AAPL
rsi50,close_atr@1.5,close_atr@2.0,81,0.0247,2.27,3.28,0.494,AAPL
rsi50,close_atr@1.5,close_atr@2.5,81,0.0247,2.27,3.89,0.494,AAPL
rsi50,close_atr@1.5,close_atr@3.0,81,0.037,2.27,4.88,0.494,AAPL
rsi50,close_atr@1.5,lo20_atr@0.5,81,0.0247,2.27,5.92,0.519,AAPL
rsi50,close_atr@1.5,lo20_atr@1.0,81,0.0,2.27,7.0,0.494,AAPL
rsi50,close_atr@1.5,keltner@2.0,81,0.0494,2.27,3.96,0.531,AAPL
rsi50,close_atr@1.5,keltner@2.5,81,0.0,2.27,4.78,0.531,AAPL
rsi50,close_atr@1.5,fibext@1.272,81,0.0123,2.27,8.86,0.494,AAPL
rsi50,close_atr@1.5,fibext@1.618,81,0.0,2.27,13.13,0.494,AAPL
rsi50,close_atr@2.0,close_atr@1.5,81,0.0123,2.61,2.8,0.457,AAPL
rsi50,close_atr@2.0,close_atr@2.0,81,0.0123,2.61,3.28,0.457,AAPL
rsi50,close_atr@2.0,close_atr@2.5,81,0.0247,2.61,3.89,0.494,AAPL
rsi50,close_atr@2.0,close_atr@3.0,81,0.0247,2.61,4.88,0.494,AAPL
rsi50,close_atr@2.0,lo20_atr@0.5,81,0.0247,2.61,5.92,0.519,AAPL
rsi50,close_atr@2.0,lo20_atr@1.0,81,0.0,2.61,7.0,0.519,AAPL
rsi50,close_atr@2.0,keltner@2.0,81,0.0247,2.61,3.96,0.506,AAPL
rsi50,close_atr@2.0,keltner@2.5,81,0.0,2.61,4.78,0.531,AAPL
rsi50,close_atr@2.0,fibext@1.272,81,0.0,2.61,8.86,0.506,AAPL
rsi50,close_atr@2.0,fibext@1.618,81,0.0,2.61,13.13,0.506,AAPL
rsi50,close_atr@2.5,close_atr@1.5,81,0.0123,3.36,2.8,0.506,AAPL
rsi50,close_atr@2.5,close_atr@2.0,81,0.0123,3.36,3.28,0.457,AAPL
rsi50,close_atr@2.5,close_atr@2.5,81,0.0123,3.36,3.89,0.457,AAPL
rsi50,close_atr@2.5,close_atr@3.0,81,0.0123,3.36,4.88,0.494,AAPL
rsi50,close_atr@2.5,lo20_atr@0.5,81,0.0123,3.36,5.92,0.519,AAPL
rsi50,close_atr@2.5,lo20_atr@1.0,81,0.0,3.36,7.0,0.519,AAPL
rsi50,close_atr@2.5,keltner@2.0,81,0.0123,3.36,3.96,0.543,AAPL
rsi50,close_atr@2.5,keltner@2.5,81,0.0,3.36,4.78,0.506,AAPL
rsi50,close_atr@2.5,fibext@1.272,81,0.0,3.36,8.86,0.469,AAPL
rsi50,close_atr@2.5,fibext@1.618,81,0.0,3.36,13.13,0.506,AAPL
rsi50,close_atr@3.0,close_atr@1.5,81,0.0123,3.98,2.8,0.506,AAPL
rsi50,close_atr@3.0,close_atr@2.0,81,0.0,3.98,3.28,0.506,AAPL
rsi50,close_atr@3.0,close_atr@2.5,81,0.0,3.98,3.89,0.457,AAPL
rsi50,close_atr@3.0,close_atr@3.0,81,0.0123,3.98,4.88,0.457,AAPL
rsi50,close_atr@3.0,lo20_atr@0.5,81,0.0,3.98,5.92,0.543,AAPL
rsi50,close_atr@3.0,lo20_atr@1.0,81,0.0,3.98,7.0,0.519,AAPL
rsi50,close_atr@3.0,keltner@2.0,81,0.0,3.98,3.96,0.531,AAPL
rsi50,close_atr@3.0,keltner@2.5,81,0.0,3.98,4.78,0.543,AAPL
rsi50,close_atr@3.0,fibext@1.272,81,0.0,3.98,8.86,0.494,AAPL
rsi50,close_atr@3.0,fibext@1.618,81,0.0,3.98,13.13,0.481,AAPL
rsi50,hi20_atr@0.5,close_atr@1.5,81,0.037,3.8,2.8,0.481,AAPL
rsi50,hi20_atr@0.5,close_atr@2.0,81,0.037,3.8,3.28,0.481,AAPL
rsi50,hi20_atr@0.5,close_atr@2.5,81,0.0123,3.8,3.89,0.531,AAPL
rsi50,hi20_atr@0.5,close_atr@3.0,81,0.037,3.8,4.88,0.481,AAPL
rsi50,hi20_atr@0.5,lo20_atr@0.5,81,0.0,3.8,5.92,0.506,AAPL
rsi50,hi20_atr@0.5,lo20_atr@1.0,81,0.0,3.8,7.0,0.568,AAPL
rsi50,hi20_atr@0.5,keltner@2.0,81,0.0247,3.8,3.96,0.494,AAPL
rsi50,hi20_atr@0.5,keltner@2.5,81,0.0123,3.8,4.78,0.519,AAPL
rsi50,hi20_atr@0.5,fibext@1.272,81,0.0,3.8,8.86,0.519,AAPL
rsi50,hi20_atr@0.5,fibext@1.618,81,0.0,3.8,13.13,0.481,AAPL
rsi50,hi20_atr@1.0,close_atr@1.5,81,0.0247,3.87,2.8,0.494,AAPL
rsi50,hi20_atr@1.0,close_atr@2.0,81,0.0123,3.87,3.28,0.481,AAPL
rsi50,hi20_atr@1.0,close_atr@2.5,81,0.0123,3.87,3.89,0.481,AAPL
rsi50,hi20_atr@1.0,close_atr@3.0,81,0.0123,3.87,4.88,0.531,AAPL
rsi50,hi20_atr@1.0,lo20_atr@0.5,81,0.0,3.87,5.92,0.481,AAPL
rsi50,hi20_atr@1.0,lo20_atr@1.0,81,0.0,3.87,7.0,0.506,AAPL
rsi50,hi20_atr@1.0,keltner@2.0,81,0.0247,3.87,3.96,0.494,AAPL
rsi50,hi20_atr@1.0,keltner@2.5,81,0.0,3.87,4.78,0.494,AAPL
rsi50,hi20_atr@1.0,fibext@1.272,81,0.0,3.87,8.86,0.519,AAPL
rsi50,hi20_atr@1.0,fibext@1.618,81,0.0,3.87,13.13,0.481,AAPL
rsi50,keltner@2.0,close_atr@1.5,81,0.0123,3.41,2.8,0.543,AAPL
rsi50,keltner@2.0,close_atr@2.0,81,0.0123,3.41,3.28,0.506,AAPL
rsi50,keltner@2.0,close_atr@2.5,81,0.0247,3.41,3.89,0.531,AAPL
rsi50,keltner@2.0,close_atr@3.0,81,0.0494,3.41,4.88,0.531,AAPL
rsi50,keltner@2.0,lo20_atr@0.5,81,0.0,3.41,5.92,0.543,AAPL
rsi50,keltner@2.0,lo20_atr@1.0,81,0.0,3.41,7.0,0.543,AAPL
rsi50,keltner@2.0,keltner@2.0,81,0.0123,3.41,3.96,0.556,AAPL
rsi50,keltner@2.0,keltner@2.5,81,0.0123,3.41,4.78,0.519,AAPL
rsi50,keltner@2.0,fibext@1.272,81,0.0,3.41,8.86,0.519,AAPL
rsi50,keltner@2.0,fibext@1.618,81,0.0,3.41,13.13,0.506,AAPL
rsi50,keltner@2.5,close_atr@1.5,81,0.0123,3.71,2.8,0.531,AAPL
rsi50,keltner@2.5,close_atr@2.0,81,0.0247,3.71,3.28,0.543,AAPL
rsi50,keltner@2.5,close_atr@2.5,81,0.0247,3.71,3.89,0.506,AAPL
rsi50,keltner@2.5,close_atr@3.0,81,0.0494,3.71,4.88,0.531,AAPL
rsi50,keltner@2.5,lo20_atr@0.5,81,0.0,3.71,5.92,0.519,AAPL
rsi50,keltner@2.5,lo20_atr@1.0,81,0.0,3.71,7.0,0.543,AAPL
rsi50,keltner@2.5,keltner@2.0,81,0.0247,3.71,3.96,0.543,AAPL
rsi50,keltner@2.5,keltner@2.5,81,0.0,3.71,4.78,0.556,AAPL
rsi50,keltner@2.5,fibext@1.272,81,0.0,3.71,8.86,0.494,AAPL
rsi50,keltner@2.5,fibext@1.618,81,0.0,3.71,13.13,0.494,AAPL
rsi50,fibext@1.272,close_atr@1.5,81,0.0,7.78,2.8,0.481,AAPL
rsi50,fibext@1.272,close_atr@2.0,81,0.0,7.78,3.28,0.469,AAPL
rsi50,fibext@1.272,close_atr@2.5,81,0.0,7.78,3.89,0.457,AAPL
rsi50,fibext@1.272,close_atr@3.0,81,0.0,7.78,4.88,0.469,AAPL
rsi50,fibext@1.272,lo20_atr@0.5,81,0.0,7.78,5.92,0.494,AAPL
rsi50,fibext@1.272,lo20_atr@1.0,81,0.0,7.78,7.0,0.506,AAPL
rsi50,fibext@1.272,keltner@2.0,81,0.0,7.78,3.96,0.432,AAPL
rsi50,fibext@1.272,keltner@2.5,81,0.0,7.78,4.78,0.444,AAPL
rsi50,fibext@1.272,fibext@1.272,81,0.0,7.78,8.86,0.506,AAPL
rsi50,fibext@1.272,fibext@1.618,81,0.0,7.78,13.13,0.481,AAPL
rsi50,fibext@1.618,close_atr@1.5,81,0.0123,11.25,2.8,0.506,AAPL
rsi50,fibext@1.618,close_atr@2.0,81,0.0,11.25,3.28,0.506,AAPL
rsi50,fibext@1.618,close_atr@2.5,81,0.0,11.25,3.89,0.494,AAPL
rsi50,fibext@1.618,close_atr@3.0,81,0.0,11.25,4.88,0.469,AAPL
rsi50,fibext@1.618,lo20_atr@0.5,81,0.0,11.25,5.92,0.481,AAPL
rsi50,fibext@1.618,lo20_atr@1.0,81,0.0,11.25,7.0,0.469,AAPL
rsi50,fibext@1.618,keltner@2.0,81,0.0,11.25,3.96,0.494,AAPL
rsi50,fibext@1.618,keltner@2.5,81,0.0,11.25,4.78,0.481,AAPL
rsi50,fibext@1.618,fibext@1.272,81,0.0,11.25,8.86,0.519,AAPL
rsi50,fibext@1.618,fibext@1.618,81,0.0,11.25,13.13,0.506,AAPL
none,close_atr@1.5,close_atr@1.5,81,0.1358,1.14,1.63,0.42,QQQ
none,close_atr@1.5,close_atr@2.0,81,0.0741,1.14,1.7,0.42,QQQ
none,close_atr@1.5,close_atr@2.5,81,0.1111,1.14,2.16,0.42,QQQ
none,close_atr@1.5,close_atr@3.0,81,0.1235,1.14,2.67,0.42,QQQ
none,close_atr@1.5,lo20_atr@0.5,81,0.0494,1.14,3.49,0.407,QQQ
none,close_atr@1.5,lo20_atr@1.0,81,0.0494,1.14,4.33,0.407,QQQ
none,close_atr@1.5,keltner@2.0,81,0.1111,1.14,2.49,0.42,QQQ
none,close_atr@1.5,keltner@2.5,81,0.0741,1.14,2.92,0.407,QQQ
none,close_atr@1.5,fibext@1.272,81,0.0494,1.14,4.67,0.383,QQQ
none,close_atr@1.5,fibext@1.618,81,0.0247,1.14,6.96,0.407,QQQ
none,close_atr@2.0,close_atr@1.5,81,0.0988,1.52,1.63,0.58,QQQ
none,close_atr@2.0,close_atr@2.0,81,0.0988,1.52,1.7,0.42,QQQ
none,close_atr@2.0,close_atr@2.5,81,0.0988,1.52,2.16,0.42,QQQ
none,close_atr@2.0,close_atr@3.0,81,0.1111,1.52,2.67,0.42,QQQ
none,close_atr@2.0,lo20_atr@0.5,81,0.0617,1.52,3.49,0.42,QQQ
none,close_atr@2.0,lo20_atr@1.0,81,0.037,1.52,4.33,0.407,QQQ
none,close_atr@2.0,keltner@2.0,81,0.0988,1.52,2.49,0.37,QQQ
none,close_atr@2.0,keltner@2.5,81,0.0864,1.52,2.92,0.42,QQQ
none,close_atr@2.0,fibext@1.272,81,0.0247,1.52,4.67,0.383,QQQ
none,close_atr@2.0,fibext@1.618,81,0.0123,1.52,6.96,0.383,QQQ
none,close_atr@2.5,close_atr@1.5,81,0.0988,1.99,1.63,0.58,QQQ
none,close_atr@2.5,close_atr@2.0,81,0.0741,1.99,1.7,0.58,QQQ
none,close_atr@2.5,close_atr@2.5,81,0.0617,1.99,2.16,0.42,QQQ
none,close_atr@2.5,close_atr@3.0,81,0.037,1.99,2.67,0.42,QQQ
none,close_atr@2.5,lo20_atr@0.5,81,0.0247,1.99,3.49,0.333,QQQ
none,close_atr@2.5,lo20_atr@1.0,81,0.0247,1.99,4.33,0.42,QQQ
none,close_atr@2.5,keltner@2.0,81,0.0617,1.99,2.49,0.42,QQQ
none,close_atr@2.5,keltner@2.5,81,0.0494,1.99,2.92,0.37,QQQ
none,close_atr@2.5,fibext@1.272,81,0.0247,1.99,4.67,0.407,QQQ
none,close_atr@2.5,fibext@1.618,81,0.0,1.99,6.96,0.383,QQQ
none,close_atr@3.0,close_atr@1.5,81,0.0617,2.61,1.63,0.58,QQQ
none,close_atr@3.0,close_atr@2.0,81,0.0494,2.61,1.7,0.58,QQQ
none,close_atr@3.0,close_atr@2.5,81,0.037,2.61,2.16,0.58,QQQ
none,close_atr@3.0,close_atr@3.0,81,0.0247,2.61,2.67,0.42,QQQ
none,close_atr@3.0,lo20_atr@0.5,81,0.0247,2.61,3.49,0.37,QQQ
none,close_atr@3.0,lo20_atr@1.0,81,0.0247,2.61,4.33,0.333,QQQ
none,close_atr@3.0,keltner@2.0,81,0.037,2.61,2.49,0.469,QQQ
none,close_atr@3.0,keltner@2.5,81,0.0247,2.61,2.92,0.42,QQQ
none,close_atr@3.0,fibext@1.272,81,0.0247,2.61,4.67,0.37,QQQ
none,close_atr@3.0,fibext@1.618,81,0.0,2.61,6.96,0.383,QQQ
none,hi20_atr@0.5,close_atr@1.5,81,0.0988,1.92,1.63,0.457,QQQ
none,hi20_atr@0.5,close_atr@2.0,81,0.1111,1.92,1.7,0.42,QQQ
none,hi20_atr@0.5,close_atr@2.5,81,0.0988,1.92,2.16,0.407,QQQ
none,hi20_atr@0.5,close_atr@3.0,81,0.0988,1.92,2.67,0.432,QQQ
none,hi20_atr@0.5,lo20_atr@0.5,81,0.0247,1.92,3.49,0.37,QQQ
none,hi20_atr@0.5,lo20_atr@1.0,81,0.0247,1.92,4.33,0.346,QQQ
none,hi20_atr@0.5,keltner@2.0,81,0.0988,1.92,2.49,0.395,QQQ
none,hi20_atr@0.5,keltner@2.5,81,0.0741,1.92,2.92,0.407,QQQ
none,hi20_atr@0.5,fibext@1.272,81,0.0247,1.92,4.67,0.37,QQQ
none,hi20_atr@0.5,fibext@1.618,81,0.0123,1.92,6.96,0.407,QQQ
none,hi20_atr@1.0,close_atr@1.5,81,0.0494,2.05,1.63,0.469,QQQ
none,hi20_atr@1.0,close_atr@2.0,81,0.0988,2.05,1.7,0.457,QQQ
none,hi20_atr@1.0,close_atr@2.5,81,0.0988,2.05,2.16,0.42,QQQ
none,hi20_atr@1.0,close_atr@3.0,81,0.0988,2.05,2.67,0.407,QQQ
none,hi20_atr@1.0,lo20_atr@0.5,81,0.0247,2.05,3.49,0.383,QQQ
none,hi20_atr@1.0,lo20_atr@1.0,81,0.0123,2.05,4.33,0.37,QQQ
none,hi20_atr@1.0,keltner@2.0,81,0.0864,2.05,2.49,0.432,QQQ
none,hi20_atr@1.0,keltner@2.5,81,0.0617,2.05,2.92,0.395,QQQ
none,hi20_atr@1.0,fibext@1.272,81,0.0123,2.05,4.67,0.358,QQQ
none,hi20_atr@1.0,fibext@1.618,81,0.0,2.05,6.96,0.407,QQQ
none,keltner@2.0,close_atr@1.5,81,0.0864,1.97,1.63,0.42,QQQ
none,keltner@2.0,close_atr@2.0,81,0.1111,1.97,1.7,0.37,QQQ
none,keltner@2.0,close_atr@2.5,81,0.1235,1.97,2.16,0.42,QQQ
none,keltner@2.0,close_atr@3.0,81,0.1235,1.97,2.67,0.407,QQQ
none,keltner@2.0,lo20_atr@0.5,81,0.0617,1.97,3.49,0.358,QQQ
none,keltner@2.0,lo20_atr@1.0,81,0.0617,1.97,4.33,0.407,QQQ
none,keltner@2.0,keltner@2.0,81,0.1235,1.97,2.49,0.37,QQQ
none,keltner@2.0,keltner@2.5,81,0.0864,1.97,2.92,0.407,QQQ
none,keltner@2.0,fibext@1.272,81,0.0617,1.97,4.67,0.407,QQQ
none,keltner@2.0,fibext@1.618,81,0.0247,1.97,6.96,0.395,QQQ
none,keltner@2.5,close_atr@1.5,81,0.037,1.83,1.63,0.469,QQQ
none,keltner@2.5,close_atr@2.0,81,0.0741,1.83,1.7,0.42,QQQ
none,keltner@2.5,close_atr@2.5,81,0.0864,1.83,2.16,0.37,QQQ
none,keltner@2.5,close_atr@3.0,81,0.0988,1.83,2.67,0.42,QQQ
none,keltner@2.5,lo20_atr@0.5,81,0.037,1.83,3.49,0.37,QQQ
none,keltner@2.5,lo20_atr@1.0,81,0.0247,1.83,4.33,0.358,QQQ
none,keltner@2.5,keltner@2.0,81,0.0741,1.83,2.49,0.407,QQQ
none,keltner@2.5,keltner@2.5,81,0.0741,1.83,2.92,0.37,QQQ
none,keltner@2.5,fibext@1.272,81,0.0247,1.83,4.67,0.37,QQQ
none,keltner@2.5,fibext@1.618,81,0.0,1.83,6.96,0.395,QQQ
none,fibext@1.272,close_atr@1.5,81,0.0864,2.27,1.63,0.531,QQQ
none,fibext@1.272,close_atr@2.0,81,0.0988,2.27,1.7,0.494,QQQ
none,fibext@1.272,close_atr@2.5,81,0.0741,2.27,2.16,0.469,QQQ
none,fibext@1.272,close_atr@3.0,81,0.0494,2.27,2.67,0.432,QQQ
none,fibext@1.272,lo20_atr@0.5,81,0.0247,2.27,3.49,0.383,QQQ
none,fibext@1.272,lo20_atr@1.0,81,0.0247,2.27,4.33,0.383,QQQ
none,fibext@1.272,keltner@2.0,81,0.0494,2.27,2.49,0.457,QQQ
none,fibext@1.272,keltner@2.5,81,0.0247,2.27,2.92,0.383,QQQ
none,fibext@1.272,fibext@1.272,81,0.0247,2.27,4.67,0.37,QQQ
none,fibext@1.272,fibext@1.618,81,0.0123,2.27,6.96,0.407,QQQ
none,fibext@1.618,close_atr@1.5,81,0.037,3.97,1.63,0.58,QQQ
none,fibext@1.618,close_atr@2.0,81,0.0247,3.97,1.7,0.58,QQQ
none,fibext@1.618,close_atr@2.5,81,0.0123,3.97,2.16,0.568,QQQ
none,fibext@1.618,close_atr@3.0,81,0.0123,3.97,2.67,0.617,QQQ
none,fibext@1.618,lo20_atr@0.5,81,0.0,3.97,3.49,0.42,QQQ
none,fibext@1.618,lo20_atr@1.0,81,0.0,3.97,4.33,0.432,QQQ
none,fibext@1.618,keltner@2.0,81,0.0123,3.97,2.49,0.481,QQQ
none,fibext@1.618,keltner@2.5,81,0.0,3.97,2.92,0.494,QQQ
none,fibext@1.618,fibext@1.272,81,0.0,3.97,4.67,0.407,QQQ
none,fibext@1.618,fibext@1.618,81,0.0,3.97,6.96,0.37,QQQ
ema50,close_atr@1.5,close_atr@1.5,81,0.0864,1.34,1.61,0.58,QQQ
ema50,close_atr@1.5,close_atr@2.0,81,0.1111,1.34,1.72,0.42,QQQ
ema50,close_atr@1.5,close_atr@2.5,81,0.1235,1.34,2.26,0.42,QQQ
ema50,close_atr@1.5,close_atr@3.0,81,0.1235,1.34,2.87,0.42,QQQ
ema50,close_atr@1.5,lo20_atr@0.5,81,0.0617,1.34,3.7,0.407,QQQ
ema50,close_atr@1.5,lo20_atr@1.0,81,0.0741,1.34,4.38,0.42,QQQ
ema50,close_atr@1.5,keltner@2.0,81,0.0988,1.34,2.49,0.37,QQQ
ema50,close_atr@1.5,keltner@2.5,81,0.0741,1.34,3.02,0.407,QQQ
ema50,close_atr@1.5,fibext@1.272,81,0.0247,1.34,5.2,0.395,QQQ
ema50,close_atr@1.5,fibext@1.618,81,0.0,1.34,7.67,0.42,QQQ
ema50,close_atr@2.0,close_atr@1.5,81,0.0988,1.97,1.61,0.58,QQQ
ema50,close_atr@2.0,close_atr@2.0,81,0.0741,1.97,1.72,0.58,QQQ
ema50,close_atr@2.0,close_atr@2.5,81,0.0741,1.97,2.26,0.42,QQQ
ema50,close_atr@2.0,close_atr@3.0,81,0.0617,1.97,2.87,0.42,QQQ
ema50,close_atr@2.0,lo20_atr@0.5,81,0.0247,1.97,3.7,0.37,QQQ
ema50,close_atr@2.0,lo20_atr@1.0,81,0.037,1.97,4.38,0.407,QQQ
ema50,close_atr@2.0,keltner@2.0,81,0.0741,1.97,2.49,0.444,QQQ
ema50,close_atr@2.0,keltner@2.5,81,0.037,1.97,3.02,0.37,QQQ
ema50,close_atr@2.0,fibext@1.272,81,0.0247,1.97,5.2,0.395,QQQ
ema50,close_atr@2.0,fibext@1.618,81,0.0,1.97,7.67,0.42,QQQ
ema50,close_atr@2.5,close_atr@1.5,81,0.0617,2.32,1.61,0.58,QQQ
ema50,close_atr@2.5,close_atr@2.0,81,0.0494,2.32,1.72,0.58,QQQ
ema50,close_atr@2.5,close_atr@2.5,81,0.037,2.32,2.26,0.58,QQQ
ema50,close_atr@2.5,close_atr@3.0,81,0.0247,2.32,2.87,0.42,QQQ
ema50,close_atr@2.5,lo20_atr@0.5,81,0.0247,2.32,3.7,0.42,QQQ
ema50,close_atr@2.5,lo20_atr@1.0,81,0.0247,2.32,4.38,0.37,QQQ
ema50,close_atr@2.5,keltner@2.0,81,0.037,2.32,2.49,0.457,QQQ
ema50,close_atr@2.5,keltner@2.5,81,0.0247,2.32,3.02,0.444,QQQ
ema50,close_atr@2.5,fibext@1.272,81,0.0247,2.32,5.2,0.346,QQQ
ema50,close_atr@2.5,fibext@1.618,81,0.0,2.32,7.67,0.407,QQQ
ema50,close_atr@3.0,close_atr@1.5,81,0.0247,3.0,1.61,0.58,QQQ
ema50,close_atr@3.0,close_atr@2.0,81,0.0123,3.0,1.72,0.58,QQQ
ema50,close_atr@3.0,close_atr@2.5,81,0.0123,3.0,2.26,0.58,QQQ
ema50,close_atr@3.0,close_atr@3.0,81,0.0123,3.0,2.87,0.58,QQQ
ema50,close_atr@3.0,lo20_atr@0.5,81,0.0,3.0,3.7,0.37,QQQ
ema50,close_atr@3.0,lo20_atr@1.0,81,0.0,3.0,4.38,0.42,QQQ
ema50,close_atr@3.0,keltner@2.0,81,0.0123,3.0,2.49,0.444,QQQ
ema50,close_atr@3.0,keltner@2.5,81,0.0,3.0,3.02,0.457,QQQ
ema50,close_atr@3.0,fibext@1.272,81,0.0,3.0,5.2,0.37,QQQ
ema50,close_atr@3.0,fibext@1.618,81,0.0,3.0,7.67,0.407,QQQ
ema50,hi20_atr@0.5,close_atr@1.5,81,0.0494,2.01,1.61,0.469,QQQ
ema50,hi20_atr@0.5,close_atr@2.0,81,0.0988,2.01,1.72,0.469,QQQ
ema50,hi20_atr@0.5,close_atr@2.5,81,0.0988,2.01,2.26,0.432,QQQ
ema50,hi20_atr@0.5,close_atr@3.0,81,0.0988,2.01,2.87,0.407,QQQ
ema50,hi20_atr@0.5,lo20_atr@0.5,81,0.0247,2.01,3.7,0.346,QQQ
ema50,hi20_atr@0.5,lo20_atr@1.0,81,0.0123,2.01,4.38,0.346,QQQ
ema50,hi20_atr@0.5,keltner@2.0,81,0.0864,2.01,2.49,0.432,QQQ
ema50,hi20_atr@0.5,keltner@2.5,81,0.0617,2.01,3.02,0.395,QQQ
ema50,hi20_atr@0.5,fibext@1.272,81,0.0123,2.01,5.2,0.395,QQQ
ema50,hi20_atr@0.5,fibext@1.618,81,0.0,2.01,7.67,0.42,QQQ
ema50,hi20_atr@1.0,close_atr@1.5,81,0.0741,2.36,1.61,0.506,QQQ
ema50,hi20_atr@1.0,close_atr@2.0,81,0.0864,2.36,1.72,0.469,QQQ
ema50,hi20_atr@1.0,close_atr@2.5,81,0.0617,2.36,2.26,0.469,QQQ
ema50,hi20_atr@1.0,close_atr@3.0,81,0.0494,2.36,2.87,0.432,QQQ
ema50,hi20_atr@1.0,lo20_atr@0.5,81,0.0247,2.36,3.7,0.395,QQQ
ema50,hi20_atr@1.0,lo20_atr@1.0,81,0.0123,2.36,4.38,0.346,QQQ
ema50,hi20_atr@1.0,keltner@2.0,81,0.037,2.36,2.49,0.444,QQQ
ema50,hi20_atr@1.0,keltner@2.5,81,0.0247,2.36,3.02,0.432,QQQ
ema50,hi20_atr@1.0,fibext@1.272,81,0.0123,2.36,5.2,0.358,QQQ
ema50,hi20_atr@1.0,fibext@1.618,81,0.0,2.36,7.67,0.383,QQQ
ema50,keltner@2.0,close_atr@1.5,81,0.0494,1.73,1.61,0.457,QQQ
ema50,keltner@2.0,close_atr@2.0,81,0.0741,1.73,1.72,0.444,QQQ
ema50,keltner@2.0,close_atr@2.5,81,0.0864,1.73,2.26,0.37,QQQ
ema50,keltner@2.0,close_atr@3.0,81,0.0988,1.73,2.87,0.407,QQQ
ema50,keltner@2.0,lo20_atr@0.5,81,0.0494,1.73,3.7,0.383,QQQ
ema50,keltner@2.0,lo20_atr@1.0,81,0.037,1.73,4.38,0.37,QQQ
ema50,keltner@2.0,keltner@2.0,81,0.0741,1.73,2.49,0.42,QQQ
ema50,keltner@2.0,keltner@2.5,81,0.0864,1.73,3.02,0.395,QQQ
ema50,keltner@2.0,fibext@1.272,81,0.0247,1.73,5.2,0.358,QQQ
ema50,keltner@2.0,fibext@1.618,81,0.0,1.73,7.67,0.383,QQQ
ema50,keltner@2.5,close_atr@1.5,81,0.0617,2.01,1.61,0.444,QQQ
ema50,keltner@2.5,close_atr@2.0,81,0.0617,2.01,1.72,0.457,QQQ
ema50,keltner@2.5,close_atr@2.5,81,0.0617,2.01,2.26,0.444,QQQ
ema50,keltner@2.5,close_atr@3.0,81,0.0741,2.01,2.87,0.37,QQQ
ema50,keltner@2.5,lo20_atr@0.5,81,0.0123,2.01,3.7,0.358,QQQ
ema50,keltner@2.5,lo20_atr@1.0,81,0.0123,2.01,4.38,0.383,QQQ
ema50,keltner@2.5,keltner@2.0,81,0.0494,2.01,2.49,0.42,QQQ
ema50,keltner@2.5,keltner@2.5,81,0.0617,2.01,3.02,0.42,QQQ
ema50,keltner@2.5,fibext@1.272,81,0.0123,2.01,5.2,0.346,QQQ
ema50,keltner@2.5,fibext@1.618,81,0.0,2.01,7.67,0.37,QQQ
ema50,fibext@1.272,close_atr@1.5,81,0.0,4.39,1.61,0.593,QQQ
ema50,fibext@1.272,close_atr@2.0,81,0.0,4.39,1.72,0.58,QQQ
ema50,fibext@1.272,close_atr@2.5,81,0.0,4.39,2.26,0.593,QQQ
ema50,fibext@1.272,close_atr@3.0,81,0.0,4.39,2.87,0.58,QQQ
ema50,fibext@1.272,lo20_atr@0.5,81,0.0,4.39,3.7,0.469,QQQ
ema50,fibext@1.272,lo20_atr@1.0,81,0.0,4.39,4.38,0.444,QQQ
ema50,fibext@1.272,keltner@2.0,81,0.0,4.39,2.49,0.531,QQQ
ema50,fibext@1.272,keltner@2.5,81,0.0,4.39,3.02,0.519,QQQ
ema50,fibext@1.272,fibext@1.272,81,0.0,4.39,5.2,0.432,QQQ
ema50,fibext@1.272,fibext@1.618,81,0.0,4.39,7.67,0.37,QQQ
ema50,fibext@1.618,close_atr@1.5,81,0.0,7.17,1.61,0.58,QQQ
ema50,fibext@1.618,close_atr@2.0,81,0.0,7.17,1.72,0.593,QQQ
ema50,fibext@1.618,close_atr@2.5,81,0.0,7.17,2.26,0.593,QQQ
ema50,fibext@1.618,close_atr@3.0,81,0.0,7.17,2.87,0.593,QQQ
ema50,fibext@1.618,lo20_atr@0.5,81,0.0,7.17,3.7,0.519,QQQ
ema50,fibext@1.618,lo20_atr@1.0,81,0.0,7.17,4.38,0.506,QQQ
ema50,fibext@1.618,keltner@2.0,81,0.0,7.17,2.49,0.605,QQQ
ema50,fibext@1.618,keltner@2.5,81,0.0,7.17,3.02,0.593,QQQ
ema50,fibext@1.618,fibext@1.272,81,0.0,7.17,5.2,0.469,QQQ
ema50,fibext@1.618,fibext@1.618,81,0.0,7.17,7.67,0.432,QQQ
macd,close_atr@1.5,close_atr@1.5,81,0.037,1.32,1.65,0.506,QQQ
macd,close_atr@1.5,close_atr@2.0,81,0.0988,1.32,1.9,0.42,QQQ
macd,close_atr@1.5,close_atr@2.5,81,0.0988,1.32,2.42,0.42,QQQ
macd,close_atr@1.5,close_atr@3.0,81,0.1111,1.32,3.07,0.42,QQQ
macd,close_atr@1.5,lo20_atr@0.5,81,0.0617,1.32,4.06,0.407,QQQ
macd,close_atr@1.5,lo20_atr@1.0,81,0.0494,1.32,4.53,0.42,QQQ
macd,close_atr@1.5,keltner@2.0,81,0.0741,1.32,2.77,0.395,QQQ
macd,close_atr@1.5,keltner@2.5,81,0.0494,1.32,3.37,0.42,QQQ
macd,close_atr@1.5,fibext@1.272,81,0.0,1.32,5.88,0.42,QQQ
macd,close_atr@1.5,fibext@1.618,81,0.0,1.32,8.25,0.42,QQQ
macd,close_atr@2.0,close_atr@1.5,81,0.0864,1.63,1.65,0.506,QQQ
macd,close_atr@2.0,close_atr@2.0,81,0.0741,1.63,1.9,0.506,QQQ
macd,close_atr@2.0,close_atr@2.5,81,0.0617,1.63,2.42,0.42,QQQ
macd,close_atr@2.0,close_atr@3.0,81,0.0494,1.63,3.07,0.42,QQQ
macd,close_atr@2.0,lo20_atr@0.5,81,0.037,1.63,4.06,0.37,QQQ
macd,close_atr@2.0,lo20_atr@1.0,81,0.0123,1.63,4.53,0.407,QQQ
macd,close_atr@2.0,keltner@2.0,81,0.0617,1.63,2.77,0.432,QQQ
macd,close_atr@2.0,keltner@2.5,81,0.0123,1.63,3.37,0.395,QQQ
macd,close_atr@2.0,fibext@1.272,81,0.0,1.63,5.88,0.395,QQQ
macd,close_atr@2.0,fibext@1.618,81,0.0,1.63,8.25,0.42,QQQ
macd,close_atr@2.5,close_atr@1.5,81,0.0988,2.3,1.65,0.58,QQQ
macd,close_atr@2.5,close_atr@2.0,81,0.0617,2.3,1.9,0.506,QQQ
macd,close_atr@2.5,close_atr@2.5,81,0.037,2.3,2.42,0.506,QQQ
macd,close_atr@2.5,close_atr@3.0,81,0.0123,2.3,3.07,0.42,QQQ
macd,close_atr@2.5,lo20_atr@0.5,81,0.0247,2.3,4.06,0.395,QQQ
macd,close_atr@2.5,lo20_atr@1.0,81,0.0,2.3,4.53,0.37,QQQ
macd,close_atr@2.5,keltner@2.0,81,0.0617,2.3,2.77,0.407,QQQ
macd,close_atr@2.5,keltner@2.5,81,0.0123,2.3,3.37,0.432,QQQ
macd,close_atr@2.5,fibext@1.272,81,0.0,2.3,5.88,0.358,QQQ
macd,close_atr@2.5,fibext@1.618,81,0.0,2.3,8.25,0.42,QQQ
macd,close_atr@3.0,close_atr@1.5,81,0.0617,2.87,1.65,0.58,QQQ
macd,close_atr@3.0,close_atr@2.0,81,0.037,2.87,1.9,0.58,QQQ
macd,close_atr@3.0,close_atr@2.5,81,0.0247,2.87,2.42,0.506,QQQ
macd,close_atr@3.0,close_atr@3.0,81,0.0123,2.87,3.07,0.506,QQQ
macd,close_atr@3.0,lo20_atr@0.5,81,0.0247,2.87,4.06,0.358,QQQ
macd,close_atr@3.0,lo20_atr@1.0,81,0.0,2.87,4.53,0.395,QQQ
macd,close_atr@3.0,keltner@2.0,81,0.0247,2.87,2.77,0.395,QQQ
macd,close_atr@3.0,keltner@2.5,81,0.0123,2.87,3.37,0.407,QQQ
macd,close_atr@3.0,fibext@1.272,81,0.0,2.87,5.88,0.37,QQQ
macd,close_atr@3.0,fibext@1.618,81,0.0,2.87,8.25,0.407,QQQ
macd,hi20_atr@0.5,close_atr@1.5,81,0.0494,1.93,1.65,0.444,QQQ
macd,hi20_atr@0.5,close_atr@2.0,81,0.0741,1.93,1.9,0.444,QQQ
macd,hi20_atr@0.5,close_atr@2.5,81,0.0617,1.93,2.42,0.444,QQQ
macd,hi20_atr@0.5,close_atr@3.0,81,0.0741,1.93,3.07,0.432,QQQ
macd,hi20_atr@0.5,lo20_atr@0.5,81,0.0247,1.93,4.06,0.358,QQQ
macd,hi20_atr@0.5,lo20_atr@1.0,81,0.0,1.93,4.53,0.407,QQQ
macd,hi20_atr@0.5,keltner@2.0,81,0.0741,1.93,2.77,0.42,QQQ
macd,hi20_atr@0.5,keltner@2.5,81,0.037,1.93,3.37,0.407,QQQ
macd,hi20_atr@0.5,fibext@1.272,81,0.0,1.93,5.88,0.395,QQQ
macd,hi20_atr@0.5,fibext@1.618,81,0.0,1.93,8.25,0.42,QQQ
macd,hi20_atr@1.0,close_atr@1.5,81,0.0864,2.32,1.65,0.457,QQQ
macd,hi20_atr@1.0,close_atr@2.0,81,0.0864,2.32,1.9,0.444,QQQ
macd,hi20_atr@1.0,close_atr@2.5,81,0.0494,2.32,2.42,0.444,QQQ
macd,hi20_atr@1.0,close_atr@3.0,81,0.0494,2.32,3.07,0.444,QQQ
macd,hi20_atr@1.0,lo20_atr@0.5,81,0.0247,2.32,4.06,0.37,QQQ
macd,hi20_atr@1.0,lo20_atr@1.0,81,0.0,2.32,4.53,0.358,QQQ
macd,hi20_atr@1.0,keltner@2.0,81,0.037,2.32,2.77,0.383,QQQ
macd,hi20_atr@1.0,keltner@2.5,81,0.0123,2.32,3.37,0.42,QQQ
macd,hi20_atr@1.0,fibext@1.272,81,0.0,2.32,5.88,0.383,QQQ
macd,hi20_atr@1.0,fibext@1.618,81,0.0,2.32,8.25,0.383,QQQ
macd,keltner@2.0,close_atr@1.5,81,0.0494,1.83,1.65,0.407,QQQ
macd,keltner@2.0,close_atr@2.0,81,0.0864,1.83,1.9,0.432,QQQ
macd,keltner@2.0,close_atr@2.5,81,0.0864,1.83,2.42,0.395,QQQ
macd,keltner@2.0,close_atr@3.0,81,0.0864,1.83,3.07,0.42,QQQ
macd,keltner@2.0,lo20_atr@0.5,81,0.0617,1.83,4.06,0.395,QQQ
macd,keltner@2.0,lo20_atr@1.0,81,0.0123,1.83,4.53,0.383,QQQ
macd,keltner@2.0,keltner@2.0,81,0.0988,1.83,2.77,0.395,QQQ
macd,keltner@2.0,keltner@2.5,81,0.0741,1.83,3.37,0.407,QQQ
macd,keltner@2.0,fibext@1.272,81,0.0,1.83,5.88,0.358,QQQ
macd,keltner@2.0,fibext@1.618,81,0.0,1.83,8.25,0.395,QQQ
macd,keltner@2.5,close_atr@1.5,81,0.0617,2.06,1.65,0.395,QQQ
macd,keltner@2.5,close_atr@2.0,81,0.0617,2.06,1.9,0.407,QQQ
macd,keltner@2.5,close_atr@2.5,81,0.0494,2.06,2.42,0.432,QQQ
macd,keltner@2.5,close_atr@3.0,81,0.0494,2.06,3.07,0.395,QQQ
macd,keltner@2.5,lo20_atr@0.5,81,0.0247,2.06,4.06,0.358,QQQ
macd,keltner@2.5,lo20_atr@1.0,81,0.0,2.06,4.53,0.395,QQQ
macd,keltner@2.5,keltner@2.0,81,0.0741,2.06,2.77,0.395,QQQ
macd,keltner@2.5,keltner@2.5,81,0.0494,2.06,3.37,0.395,QQQ
macd,keltner@2.5,fibext@1.272,81,0.0,2.06,5.88,0.346,QQQ
macd,keltner@2.5,fibext@1.618,81,0.0,2.06,8.25,0.395,QQQ
macd,fibext@1.272,close_atr@1.5,81,0.0494,3.68,1.65,0.506,QQQ
macd,fibext@1.272,close_atr@2.0,81,0.037,3.68,1.9,0.531,QQQ
macd,fibext@1.272,close_atr@2.5,81,0.0123,3.68,2.42,0.519,QQQ
macd,fibext@1.272,close_atr@3.0,81,0.0123,3.68,3.07,0.556,QQQ
macd,fibext@1.272,lo20_atr@0.5,81,0.0123,3.68,4.06,0.444,QQQ
macd,fibext@1.272,lo20_atr@1.0,81,0.0,3.68,4.53,0.395,QQQ
macd,fibext@1.272,keltner@2.0,81,0.0123,3.68,2.77,0.444,QQQ
macd,fibext@1.272,keltner@2.5,81,0.0,3.68,3.37,0.469,QQQ
macd,fibext@1.272,fibext@1.272,81,0.0,3.68,5.88,0.407,QQQ
macd,fibext@1.272,fibext@1.618,81,0.0,3.68,8.25,0.395,QQQ
macd,fibext@1.618,close_atr@1.5,81,0.0247,6.05,1.65,0.568,QQQ
macd,fibext@1.618,close_atr@2.0,81,0.0123,6.05,1.9,0.543,QQQ
macd,fibext@1.618,close_atr@2.5,81,0.0123,6.05,2.42,0.556,QQQ
macd,fibext@1.618,close_atr@3.0,81,0.0123,6.05,3.07,0.556,QQQ
macd,fibext@1.618,lo20_atr@0.5,81,0.0,6.05,4.06,0.469,QQQ
macd,fibext@1.618,lo20_atr@1.0,81,0.0,6.05,4.53,0.444,QQQ
macd,fibext@1.618,keltner@2.0,81,0.0,6.05,2.77,0.543,QQQ
macd,fibext@1.618,keltner@2.5,81,0.0,6.05,3.37,0.531,QQQ
macd,fibext@1.618,fibext@1.272,81,0.0,6.05,5.88,0.42,QQQ
macd,fibext@1.618,fibext@1.618,81,0.0,6.05,8.25,0.407,QQQ
mom10,close_atr@1.5,close_atr@1.5,81,0.0617,1.34,1.63,0.543,QQQ
mom10,close_atr@1.5,close_atr@2.0,81,0.0988,1.34,1.81,0.42,QQQ
mom10,close_atr@1.5,close_atr@2.5,81,0.1111,1.34,2.35,0.42,QQQ
mom10,close_atr@1.5,close_atr@3.0,81,0.1111,1.34,2.94,0.42,QQQ
mom10,close_atr@1.5,lo20_atr@0.5,81,0.0494,1.34,4.02,0.407,QQQ
mom10,close_atr@1.5,lo20_atr@1.0,81,0.0617,1.34,4.52,0.42,QQQ
mom10,close_atr@1.5,keltner@2.0,81,0.0741,1.34,2.5,0.37,QQQ
mom10,close_atr@1.5,keltner@2.5,81,0.037,1.34,3.07,0.395,QQQ
mom10,close_atr@1.5,fibext@1.272,81,0.0,1.34,5.77,0.42,QQQ
mom10,close_atr@1.5,fibext@1.618,81,0.0,1.34,7.92,0.42,QQQ
mom10,close_atr@2.0,close_atr@1.5,81,0.0988,1.66,1.63,0.543,QQQ
mom10,close_atr@2.0,close_atr@2.0,81,0.0741,1.66,1.81,0.543,QQQ
mom10,close_atr@2.0,close_atr@2.5,81,0.0617,1.66,2.35,0.42,QQQ
mom10,close_atr@2.0,close_atr@3.0,81,0.037,1.66,2.94,0.42,QQQ
mom10,close_atr@2.0,lo20_atr@0.5,81,0.0247,1.66,4.02,0.383,QQQ
mom10,close_atr@2.0,lo20_atr@1.0,81,0.0123,1.66,4.52,0.407,QQQ
mom10,close_atr@2.0,keltner@2.0,81,0.0741,1.66,2.5,0.432,QQQ
mom10,close_atr@2.0,keltner@2.5,81,0.0123,1.66,3.07,0.37,QQQ
mom10,close_atr@2.0,fibext@1.272,81,0.0,1.66,5.77,0.395,QQQ
mom10,close_atr@2.0,fibext@1.618,81,0.0,1.66,7.92,0.42,QQQ
mom10,close_atr@2.5,close_atr@1.5,81,0.0864,2.3,1.63,0.58,QQQ
mom10,close_atr@2.5,close_atr@2.0,81,0.0617,2.3,1.81,0.543,QQQ
mom10,close_atr@2.5,close_atr@2.5,81,0.037,2.3,2.35,0.543,QQQ
mom10,close_atr@2.5,close_atr@3.0,81,0.0123,2.3,2.94,0.42,QQQ
mom10,close_atr@2.5,lo20_atr@0.5,81,0.0247,2.3,4.02,0.42,QQQ
mom10,close_atr@2.5,lo20_atr@1.0,81,0.0,2.3,4.52,0.383,QQQ
mom10,close_atr@2.5,keltner@2.0,81,0.0617,2.3,2.5,0.42,QQQ
mom10,close_atr@2.5,keltner@2.5,81,0.0123,2.3,3.07,0.432,QQQ
mom10,close_atr@2.5,fibext@1.272,81,0.0,2.3,5.77,0.37,QQQ
mom10,close_atr@2.5,fibext@1.618,81,0.0,2.3,7.92,0.42,QQQ
mom10,close_atr@3.0,close_atr@1.5,81,0.0494,2.73,1.63,0.58,QQQ
mom10,close_atr@3.0,close_atr@2.0,81,0.037,2.73,1.81,0.58,QQQ
mom10,close_atr@3.0,close_atr@2.5,81,0.0247,2.73,2.35,0.543,QQQ
mom10,close_atr@3.0,close_atr@3.0,81,0.0123,2.73,2.94,0.543,QQQ
mom10,close_atr@3.0,lo20_atr@0.5,81,0.0247,2.73,4.02,0.346,QQQ
mom10,close_atr@3.0,lo20_atr@1.0,81,0.0,2.73,4.52,0.42,QQQ
mom10,close_atr@3.0,keltner@2.0,81,0.037,2.73,2.5,0.432,QQQ
mom10,close_atr@3.0,keltner@2.5,81,0.0123,2.73,3.07,0.42,QQQ
mom10,close_atr@3.0,fibext@1.272,81,0.0,2.73,5.77,0.383,QQQ
mom10,close_atr@3.0,fibext@1.618,81,0.0,2.73,7.92,0.407,QQQ
mom10,hi20_atr@0.5,close_atr@1.5,81,0.0494,1.91,1.63,0.457,QQQ
mom10,hi20_atr@0.5,close_atr@2.0,81,0.0988,1.91,1.81,0.444,QQQ
mom10,hi20_atr@0.5,close_atr@2.5,81,0.0864,1.91,2.35,0.444,QQQ
mom10,hi20_atr@0.5,close_atr@3.0,81,0.0864,1.91,2.94,0.432,QQQ
mom10,hi20_atr@0.5,lo20_atr@0.5,81,0.0247,1.91,4.02,0.333,QQQ
mom10,hi20_atr@0.5,lo20_atr@1.0,81,0.0,1.91,4.52,0.383,QQQ
mom10,hi20_atr@0.5,keltner@2.0,81,0.0864,1.91,2.5,0.432,QQQ
mom10,hi20_atr@0.5,keltner@2.5,81,0.037,1.91,3.07,0.395,QQQ
mom10,hi20_atr@0.5,fibext@1.272,81,0.0,1.91,5.77,0.407,QQQ
mom10,hi20_atr@0.5,fibext@1.618,81,0.0,1.91,7.92,0.42,QQQ
mom10,hi20_atr@1.0,close_atr@1.5,81,0.0864,2.14,1.63,0.494,QQQ
mom10,hi20_atr@1.0,close_atr@2.0,81,0.0988,2.14,1.81,0.457,QQQ
mom10,hi20_atr@1.0,close_atr@2.5,81,0.0617,2.14,2.35,0.444,QQQ
mom10,hi20_atr@1.0,close_atr@3.0,81,0.0494,2.14,2.94,0.444,QQQ
mom10,hi20_atr@1.0,lo20_atr@0.5,81,0.0247,2.14,4.02,0.383,QQQ
mom10,hi20_atr@1.0,lo20_atr@1.0,81,0.0,2.14,4.52,0.333,QQQ
mom10,hi20_atr@1.0,keltner@2.0,81,0.0494,2.14,2.5,0.407,QQQ
mom10,hi20_atr@1.0,keltner@2.5,81,0.0123,2.14,3.07,0.432,QQQ
mom10,hi20_atr@1.0,fibext@1.272,81,0.0,2.14,5.77,0.37,QQQ
mom10,hi20_atr@1.0,fibext@1.618,81,0.0,2.14,7.92,0.383,QQQ
mom10,keltner@2.0,close_atr@1.5,81,0.0617,1.69,1.63,0.42,QQQ
mom10,keltner@2.0,close_atr@2.0,81,0.0741,1.69,1.81,0.432,QQQ
mom10,keltner@2.0,close_atr@2.5,81,0.0741,1.69,2.35,0.37,QQQ
mom10,keltner@2.0,close_atr@3.0,81,0.0741,1.69,2.94,0.395,QQQ
mom10,keltner@2.0,lo20_atr@0.5,81,0.0494,1.69,4.02,0.395,QQQ
mom10,keltner@2.0,lo20_atr@1.0,81,0.0123,1.69,4.52,0.395,QQQ
mom10,keltner@2.0,keltner@2.0,81,0.0864,1.69,2.5,0.407,QQQ
mom10,keltner@2.0,keltner@2.5,81,0.0617,1.69,3.07,0.407,QQQ
mom10,keltner@2.0,fibext@1.272,81,0.0,1.69,5.77,0.358,QQQ
mom10,keltner@2.0,fibext@1.618,81,0.0,1.69,7.92,0.395,QQQ
mom10,keltner@2.5,close_atr@1.5,81,0.0864,2.04,1.63,0.432,QQQ
mom10,keltner@2.5,close_atr@2.0,81,0.0741,2.04,1.81,0.42,QQQ
mom10,keltner@2.5,close_atr@2.5,81,0.0617,2.04,2.35,0.432,QQQ
mom10,keltner@2.5,close_atr@3.0,81,0.0494,2.04,2.94,0.37,QQQ
mom10,keltner@2.5,lo20_atr@0.5,81,0.0247,2.04,4.02,0.333,QQQ
mom10,keltner@2.5,lo20_atr@1.0,81,0.0,2.04,4.52,0.395,QQQ
mom10,keltner@2.5,keltner@2.0,81,0.0741,2.04,2.5,0.395,QQQ
mom10,keltner@2.5,keltner@2.5,81,0.0494,2.04,3.07,0.407,QQQ
mom10,keltner@2.5,fibext@1.272,81,0.0,2.04,5.77,0.358,QQQ
mom10,keltner@2.5,fibext@1.618,81,0.0,2.04,7.92,0.395,QQQ
mom10,fibext@1.272,close_atr@1.5,81,0.0123,3.85,1.63,0.568,QQQ
mom10,fibext@1.272,close_atr@2.0,81,0.0123,3.85,1.81,0.58,QQQ
mom10,fibext@1.272,close_atr@2.5,81,0.0,3.85,2.35,0.556,QQQ
mom10,fibext@1.272,close_atr@3.0,81,0.0,3.85,2.94,0.593,QQQ
mom10,fibext@1.272,lo20_atr@0.5,81,0.0123,3.85,4.02,0.432,QQQ
mom10,fibext@1.272,lo20_atr@1.0,81,0.0,3.85,4.52,0.395,QQQ
mom10,fibext@1.272,keltner@2.0,81,0.0123,3.85,2.5,0.494,QQQ
mom10,fibext@1.272,keltner@2.5,81,0.0,3.85,3.07,0.506,QQQ
mom10,fibext@1.272,fibext@1.272,81,0.0,3.85,5.77,0.395,QQQ
mom10,fibext@1.272,fibext@1.618,81,0.0,3.85,7.92,0.383,QQQ
mom10,fibext@1.618,close_atr@1.5,81,0.0,6.6,1.63,0.58,QQQ
mom10,fibext@1.618,close_atr@2.0,81,0.0,6.6,1.81,0.568,QQQ
mom10,fibext@1.618,close_atr@2.5,81,0.0,6.6,2.35,0.568,QQQ
mom10,fibext@1.618,close_atr@3.0,81,0.0,6.6,2.94,0.58,QQQ
mom10,fibext@1.618,lo20_atr@0.5,81,0.0,6.6,4.02,0.494,QQQ
mom10,fibext@1.618,lo20_atr@1.0,81,0.0,6.6,4.52,0.457,QQQ
mom10,fibext@1.618,keltner@2.0,81,0.0,6.6,2.5,0.593,QQQ
mom10,fibext@1.618,keltner@2.5,81,0.0,6.6,3.07,0.568,QQQ
mom10,fibext@1.618,fibext@1.272,81,0.0,6.6,5.77,0.42,QQQ
mom10,fibext@1.618,fibext@1.618,81,0.0,6.6,7.92,0.395,QQQ
rsi50,close_atr@1.5,close_atr@1.5,81,0.0741,1.38,1.61,0.593,QQQ
rsi50,close_atr@1.5,close_atr@2.0,81,0.1111,1.38,1.72,0.42,QQQ
rsi50,close_atr@1.5,close_atr@2.5,81,0.1235,1.38,2.26,0.42,QQQ
rsi50,close_atr@1.5,close_atr@3.0,81,0.1358,1.38,2.87,0.42,QQQ
rsi50,close_atr@1.5,lo20_atr@0.5,81,0.0617,1.38,3.7,0.407,QQQ
rsi50,close_atr@1.5,lo20_atr@1.0,81,0.0741,1.38,4.38,0.42,QQQ
rsi50,close_atr@1.5,keltner@2.0,81,0.0864,1.38,2.41,0.37,QQQ
rsi50,close_atr@1.5,keltner@2.5,81,0.0617,1.38,3.02,0.395,QQQ
rsi50,close_atr@1.5,fibext@1.272,81,0.0123,1.38,5.2,0.407,QQQ
rsi50,close_atr@1.5,fibext@1.618,81,0.0,1.38,7.67,0.42,QQQ
rsi50,close_atr@2.0,close_atr@1.5,81,0.0988,1.97,1.61,0.593,QQQ
rsi50,close_atr@2.0,close_atr@2.0,81,0.0741,1.97,1.72,0.593,QQQ
rsi50,close_atr@2.0,close_atr@2.5,81,0.0617,1.97,2.26,0.42,QQQ
rsi50,close_atr@2.0,close_atr@3.0,81,0.0617,1.97,2.87,0.42,QQQ
rsi50,close_atr@2.0,lo20_atr@0.5,81,0.0247,1.97,3.7,0.37,QQQ
rsi50,close_atr@2.0,lo20_atr@1.0,81,0.0247,1.97,4.38,0.407,QQQ
rsi50,close_atr@2.0,keltner@2.0,81,0.0741,1.97,2.41,0.457,QQQ
rsi50,close_atr@2.0,keltner@2.5,81,0.0247,1.97,3.02,0.37,QQQ
rsi50,close_atr@2.0,fibext@1.272,81,0.0123,1.97,5.2,0.407,QQQ
rsi50,close_atr@2.0,fibext@1.618,81,0.0,1.97,7.67,0.42,QQQ
rsi50,close_atr@2.5,close_atr@1.5,81,0.0617,2.31,1.61,0.58,QQQ
rsi50,close_atr@2.5,close_atr@2.0,81,0.0494,2.31,1.72,0.593,QQQ
rsi50,close_atr@2.5,close_atr@2.5,81,0.0247,2.31,2.26,0.593,QQQ
rsi50,close_atr@2.5,close_atr@3.0,81,0.0247,2.31,2.87,0.42,QQQ
rsi50,close_atr@2.5,lo20_atr@0.5,81,0.0247,2.31,3.7,0.42,QQQ
rsi50,close_atr@2.5,lo20_atr@1.0,81,0.0123,2.31,4.38,0.37,QQQ
rsi50,close_atr@2.5,keltner@2.0,81,0.037,2.31,2.41,0.469,QQQ
rsi50,close_atr@2.5,keltner@2.5,81,0.0123,2.31,3.02,0.457,QQQ
rsi50,close_atr@2.5,fibext@1.272,81,0.0123,2.31,5.2,0.346,QQQ
rsi50,close_atr@2.5,fibext@1.618,81,0.0,2.31,7.67,0.42,QQQ
rsi50,close_atr@3.0,close_atr@1.5,81,0.037,2.98,1.61,0.58,QQQ
rsi50,close_atr@3.0,close_atr@2.0,81,0.0247,2.98,1.72,0.58,QQQ
rsi50,close_atr@3.0,close_atr@2.5,81,0.0123,2.98,2.26,0.593,QQQ
rsi50,close_atr@3.0,close_atr@3.0,81,0.0123,2.98,2.87,0.593,QQQ
rsi50,close_atr@3.0,lo20_atr@0.5,81,0.0123,2.98,3.7,0.37,QQQ
rsi50,close_atr@3.0,lo20_atr@1.0,81,0.0,2.98,4.38,0.42,QQQ
rsi50,close_atr@3.0,keltner@2.0,81,0.0247,2.98,2.41,0.457,QQQ
rsi50,close_atr@3.0,keltner@2.5,81,0.0,2.98,3.02,0.469,QQQ
rsi50,close_atr@3.0,fibext@1.272,81,0.0,2.98,5.2,0.37,QQQ
rsi50,close_atr@3.0,fibext@1.618,81,0.0,2.98,7.67,0.42,QQQ
rsi50,hi20_atr@0.5,close_atr@1.5,81,0.0494,2.01,1.61,0.481,QQQ
rsi50,hi20_atr@0.5,close_atr@2.0,81,0.0988,2.01,1.72,0.481,QQQ
rsi50,hi20_atr@0.5,close_atr@2.5,81,0.0864,2.01,2.26,0.444,QQQ
rsi50,hi20_atr@0.5,close_atr@3.0,81,0.0988,2.01,2.87,0.407,QQQ
rsi50,hi20_atr@0.5,lo20_atr@0.5,81,0.0247,2.01,3.7,0.346,QQQ
rsi50,hi20_atr@0.5,lo20_atr@1.0,81,0.0,2.01,4.38,0.358,QQQ
rsi50,hi20_atr@0.5,keltner@2.0,81,0.0864,2.01,2.41,0.444,QQQ
rsi50,hi20_atr@0.5,keltner@2.5,81,0.0494,2.01,3.02,0.407,QQQ
rsi50,hi20_atr@0.5,fibext@1.272,81,0.0,2.01,5.2,0.395,QQQ
rsi50,hi20_atr@0.5,fibext@1.618,81,0.0,2.01,7.67,0.42,QQQ
rsi50,hi20_atr@1.0,close_atr@1.5,81,0.0741,2.41,1.61,0.519,QQQ
rsi50,hi20_atr@1.0,close_atr@2.0,81,0.0864,2.41,1.72,0.481,QQQ
rsi50,hi20_atr@1.0,close_atr@2.5,81,0.0494,2.41,2.26,0.481,QQQ
rsi50,hi20_atr@1.0,close_atr@3.0,81,0.0494,2.41,2.87,0.444,QQQ
rsi50,hi20_atr@1.0,lo20_atr@0.5,81,0.0247,2.41,3.7,0.395,QQQ
rsi50,hi20_atr@1.0,lo20_atr@1.0,81,0.0,2.41,4.38,0.346,QQQ
rsi50,hi20_atr@1.0,keltner@2.0,81,0.037,2.41,2.41,0.444,QQQ
rsi50,hi20_atr@1.0,keltner@2.5,81,0.0123,2.41,3.02,0.444,QQQ
rsi50,hi20_atr@1.0,fibext@1.272,81,0.0,2.41,5.2,0.358,QQQ
rsi50,hi20_atr@1.0,fibext@1.618,81,0.0,2.41,7.67,0.383,QQQ
rsi50,keltner@2.0,close_atr@1.5,81,0.0494,1.73,1.61,0.469,QQQ
rsi50,keltner@2.0,close_atr@2.0,81,0.0741,1.73,1.72,0.457,QQQ
rsi50,keltner@2.0,close_atr@2.5,81,0.0741,1.73,2.26,0.37,QQQ
rsi50,keltner@2.0,close_atr@3.0,81,0.0988,1.73,2.87,0.395,QQQ
rsi50,keltner@2.0,lo20_atr@0.5,81,0.0494,1.73,3.7,0.383,QQQ
rsi50,keltner@2.0,lo20_atr@1.0,81,0.0247,1.73,4.38,0.37,QQQ
rsi50,keltner@2.0,keltner@2.0,81,0.0741,1.73,2.41,0.42,QQQ
rsi50,keltner@2.0,keltner@2.5,81,0.0741,1.73,3.02,0.407,QQQ
rsi50,keltner@2.0,fibext@1.272,81,0.0123,1.73,5.2,0.358,QQQ
rsi50,keltner@2.0,fibext@1.618,81,0.0,1.73,7.67,0.395,QQQ
rsi50,keltner@2.5,close_atr@1.5,81,0.0741,2.01,1.61,0.457,QQQ
rsi50,keltner@2.5,close_atr@2.0,81,0.0741,2.01,1.72,0.469,QQQ
rsi50,keltner@2.5,close_atr@2.5,81,0.0617,2.01,2.26,0.457,QQQ
rsi50,keltner@2.5,close_atr@3.0,81,0.0741,2.01,2.87,0.37,QQQ
rsi50,keltner@2.5,lo20_atr@0.5,81,0.0247,2.01,3.7,0.358,QQQ
rsi50,keltner@2.5,lo20_atr@1.0,81,0.0123,2.01,4.38,0.383,QQQ
rsi50,keltner@2.5,keltner@2.0,81,0.0617,2.01,2.41,0.42,QQQ
rsi50,keltner@2.5,keltner@2.5,81,0.0617,2.01,3.02,0.42,QQQ
rsi50,keltner@2.5,fibext@1.272,81,0.0123,2.01,5.2,0.346,QQQ
rsi50,keltner@2.5,fibext@1.618,81,0.0,2.01,7.67,0.383,QQQ
rsi50,fibext@1.272,close_atr@1.5,81,0.0123,4.68,1.61,0.593,QQQ
rsi50,fibext@1.272,close_atr@2.0,81,0.0123,4.68,1.72,0.605,QQQ
rsi50,fibext@1.272,close_atr@2.5,81,0.0,4.68,2.26,0.617,QQQ
rsi50,fibext@1.272,close_atr@3.0,81,0.0,4.68,2.87,0.605,QQQ
rsi50,fibext@1.272,lo20_atr@0.5,81,0.0123,4.68,3.7,0.481,QQQ
rsi50,fibext@1.272,lo20_atr@1.0,81,0.0,4.68,4.38,0.457,QQQ
rsi50,fibext@1.272,keltner@2.0,81,0.0123,4.68,2.41,0.543,QQQ
rsi50,fibext@1.272,keltner@2.5,81,0.0,4.68,3.02,0.543,QQQ
rsi50,fibext@1.272,fibext@1.272,81,0.0,4.68,5.2,0.432,QQQ
rsi50,fibext@1.272,fibext@1.618,81,0.0,4.68,7.67,0.37,QQQ
rsi50,fibext@1.618,close_atr@1.5,81,0.0,7.16,1.61,0.58,QQQ
rsi50,fibext@1.618,close_atr@2.0,81,0.0,7.16,1.72,0.593,QQQ
rsi50,fibext@1.618,close_atr@2.5,81,0.0,7.16,2.26,0.593,QQQ
rsi50,fibext@1.618,close_atr@3.0,81,0.0,7.16,2.87,0.605,QQQ
rsi50,fibext@1.618,lo20_atr@0.5,81,0.0,7.16,3.7,0.531,QQQ
rsi50,fibext@1.618,lo20_atr@1.0,81,0.0,7.16,4.38,0.519,QQQ
rsi50,fibext@1.618,keltner@2.0,81,0.0,7.16,2.41,0.605,QQQ
rsi50,fibext@1.618,keltner@2.5,81,0.0,7.16,3.02,0.593,QQQ
rsi50,fibext@1.618,fibext@1.272,81,0.0,7.16,5.2,0.481,QQQ
rsi50,fibext@1.618,fibext@1.618,81,0.0,7.16,7.67,0.432,QQQ
none,close_atr@1.5,close_atr@1.5,81,0.284,0.75,1.21,0.395,SPY
none,close_atr@1.5,close_atr@2.0,81,0.2593,0.75,1.36,0.395,SPY
none,close_atr@1.5,close_atr@2.5,81,0.2222,0.75,1.69,0.395,SPY
none,close_atr@1.5,close_atr@3.0,81,0.1852,0.75,2.0,0.395,SPY
none,close_atr@1.5,lo20_atr@0.5,81,0.0988,0.75,3.16,0.395,SPY
none,close_atr@1.5,lo20_atr@1.0,81,0.1111,0.75,3.49,0.383,SPY
none,close_atr@1.5,keltner@2.0,81,0.1728,0.75,2.11,0.383,SPY
none,close_atr@1.5,keltner@2.5,81,0.1481,0.75,2.43,0.407,SPY
none,close_atr@1.5,fibext@1.272,81,0.0864,0.75,3.75,0.37,SPY
none,close_atr@1.5,fibext@1.618,81,0.0123,0.75,5.3,0.383,SPY
none,close_atr@2.0,close_atr@1.5,81,0.2593,1.05,1.21,0.605,SPY
none,close_atr@2.0,close_atr@2.0,81,0.1975,1.05,1.36,0.395,SPY
none,close_atr@2.0,close_atr@2.5,81,0.1358,1.05,1.69,0.395,SPY
none,close_atr@2.0,close_atr@3.0,81,0.1111,1.05,2.0,0.395,SPY
none,close_atr@2.0,lo20_atr@0.5,81,0.0864,1.05,3.16,0.383,SPY
none,close_atr@2.0,lo20_atr@1.0,81,0.0864,1.05,3.49,0.395,SPY
none,close_atr@2.0,keltner@2.0,81,0.1111,1.05,2.11,0.395,SPY
none,close_atr@2.0,keltner@2.5,81,0.1111,1.05,2.43,0.383,SPY
none,close_atr@2.0,fibext@1.272,81,0.0741,1.05,3.75,0.383,SPY
none,close_atr@2.0,fibext@1.618,81,0.0,1.05,5.3,0.383,SPY
none,close_atr@2.5,close_atr@1.5,81,0.1852,1.41,1.21,0.605,SPY
none,close_atr@2.5,close_atr@2.0,81,0.1235,1.41,1.36,0.605,SPY
none,close_atr@2.5,close_atr@2.5,81,0.0864,1.41,1.69,0.395,SPY
none,close_atr@2.5,close_atr@3.0,81,0.0741,1.41,2.0,0.395,SPY
none,close_atr@2.5,lo20_atr@0.5,81,0.0864,1.41,3.16,0.358,SPY
none,close_atr@2.5,lo20_atr@1.0,81,0.0741,1.41,3.49,0.383,SPY
none,close_atr@2.5,keltner@2.0,81,0.0864,1.41,2.11,0.444,SPY
none,close_atr@2.5,keltner@2.5,81,0.0864,1.41,2.43,0.395,SPY
none,close_atr@2.5,fibext@1.272,81,0.0617,1.41,3.75,0.37,SPY
none,close_atr@2.5,fibext@1.618,81,0.0,1.41,5.3,0.383,SPY
none,close_atr@3.0,close_atr@1.5,81,0.1235,1.69,1.21,0.605,SPY
none,close_atr@3.0,close_atr@2.0,81,0.0864,1.69,1.36,0.605,SPY
none,close_atr@3.0,close_atr@2.5,81,0.0617,1.69,1.69,0.605,SPY
none,close_atr@3.0,close_atr@3.0,81,0.0617,1.69,2.0,0.395,SPY
none,close_atr@3.0,lo20_atr@0.5,81,0.037,1.69,3.16,0.383,SPY
none,close_atr@3.0,lo20_atr@1.0,81,0.0247,1.69,3.49,0.358,SPY
none,close_atr@3.0,keltner@2.0,81,0.037,1.69,2.11,0.494,SPY
none,close_atr@3.0,keltner@2.5,81,0.0617,1.69,2.43,0.444,SPY
none,close_atr@3.0,fibext@1.272,81,0.0123,1.69,3.75,0.358,SPY
none,close_atr@3.0,fibext@1.618,81,0.0,1.69,5.3,0.358,SPY
none,hi20_atr@0.5,close_atr@1.5,81,0.2346,1.0,1.21,0.469,SPY
none,hi20_atr@0.5,close_atr@2.0,81,0.2222,1.0,1.36,0.432,SPY
none,hi20_atr@0.5,close_atr@2.5,81,0.1852,1.0,1.69,0.407,SPY
none,hi20_atr@0.5,close_atr@3.0,81,0.1728,1.0,2.0,0.395,SPY
none,hi20_atr@0.5,lo20_atr@0.5,81,0.0864,1.0,3.16,0.395,SPY
none,hi20_atr@0.5,lo20_atr@1.0,81,0.0741,1.0,3.49,0.383,SPY
none,hi20_atr@0.5,keltner@2.0,81,0.1852,1.0,2.11,0.395,SPY
none,hi20_atr@0.5,keltner@2.5,81,0.1605,1.0,2.43,0.383,SPY
none,hi20_atr@0.5,fibext@1.272,81,0.0741,1.0,3.75,0.358,SPY
none,hi20_atr@0.5,fibext@1.618,81,0.0,1.0,5.3,0.395,SPY
none,hi20_atr@1.0,close_atr@1.5,81,0.2099,1.27,1.21,0.531,SPY
none,hi20_atr@1.0,close_atr@2.0,81,0.1852,1.27,1.36,0.469,SPY
none,hi20_atr@1.0,close_atr@2.5,81,0.1481,1.27,1.69,0.432,SPY
none,hi20_atr@1.0,close_atr@3.0,81,0.1358,1.27,2.0,0.407,SPY
none,hi20_atr@1.0,lo20_atr@0.5,81,0.0247,1.27,3.16,0.407,SPY
none,hi20_atr@1.0,lo20_atr@1.0,81,0.0247,1.27,3.49,0.395,SPY
none,hi20_atr@1.0,keltner@2.0,81,0.1111,1.27,2.11,0.444,SPY
none,hi20_atr@1.0,keltner@2.5,81,0.0864,1.27,2.43,0.395,SPY
none,hi20_atr@1.0,fibext@1.272,81,0.0123,1.27,3.75,0.383,SPY
none,hi20_atr@1.0,fibext@1.618,81,0.0,1.27,5.3,0.37,SPY
none,keltner@2.0,close_atr@1.5,81,0.2099,1.16,1.21,0.444,SPY
none,keltner@2.0,close_atr@2.0,81,0.2222,1.16,1.36,0.395,SPY
none,keltner@2.0,close_atr@2.5,81,0.1852,1.16,1.69,0.383,SPY
none,keltner@2.0,close_atr@3.0,81,0.1605,1.16,2.0,0.407,SPY
none,keltner@2.0,lo20_atr@0.5,81,0.1235,1.16,3.16,0.383,SPY
none,keltner@2.0,lo20_atr@1.0,81,0.1358,1.16,3.49,0.358,SPY
none,keltner@2.0,keltner@2.0,81,0.1975,1.16,2.11,0.395,SPY
none,keltner@2.0,keltner@2.5,81,0.1728,1.16,2.43,0.383,SPY
none,keltner@2.0,fibext@1.272,81,0.1111,1.16,3.75,0.383,SPY
none,keltner@2.0,fibext@1.618,81,0.0,1.16,5.3,0.383,SPY
none,keltner@2.5,close_atr@1.5,81,0.1975,1.22,1.21,0.494,SPY
none,keltner@2.5,close_atr@2.0,81,0.2346,1.22,1.36,0.444,SPY
none,keltner@2.5,close_atr@2.5,81,0.1852,1.22,1.69,0.395,SPY
none,keltner@2.5,close_atr@3.0,81,0.1728,1.22,2.0,0.383,SPY
none,keltner@2.5,lo20_atr@0.5,81,0.0617,1.22,3.16,0.37,SPY
none,keltner@2.5,lo20_atr@1.0,81,0.0741,1.22,3.49,0.383,SPY
none,keltner@2.5,keltner@2.0,81,0.1481,1.22,2.11,0.407,SPY
none,keltner@2.5,keltner@2.5,81,0.1358,1.22,2.43,0.395,SPY
none,keltner@2.5,fibext@1.272,81,0.0494,1.22,3.75,0.383,SPY
none,keltner@2.5,fibext@1.618,81,0.0,1.22,5.3,0.395,SPY
none,fibext@1.272,close_atr@1.5,81,0.2099,1.28,1.21,0.568,SPY
none,fibext@1.272,close_atr@2.0,81,0.1728,1.28,1.36,0.568,SPY
none,fibext@1.272,close_atr@2.5,81,0.1358,1.28,1.69,0.469,SPY
none,fibext@1.272,close_atr@3.0,81,0.1235,1.28,2.0,0.42,SPY
none,fibext@1.272,lo20_atr@0.5,81,0.037,1.28,3.16,0.407,SPY
none,fibext@1.272,lo20_atr@1.0,81,0.037,1.28,3.49,0.395,SPY
none,fibext@1.272,keltner@2.0,81,0.0988,1.28,2.11,0.481,SPY
none,fibext@1.272,keltner@2.5,81,0.0741,1.28,2.43,0.432,SPY
none,fibext@1.272,fibext@1.272,81,0.0247,1.28,3.75,0.395,SPY
none,fibext@1.272,fibext@1.618,81,0.0,1.28,5.3,0.37,SPY
none,fibext@1.618,close_atr@1.5,81,0.0617,2.57,1.21,0.605,SPY
none,fibext@1.618,close_atr@2.0,81,0.037,2.57,1.36,0.593,SPY
none,fibext@1.618,close_atr@2.5,81,0.0247,2.57,1.69,0.593,SPY
none,fibext@1.618,close_atr@3.0,81,0.0247,2.57,2.0,0.642,SPY
none,fibext@1.618,lo20_atr@0.5,81,0.0,2.57,3.16,0.457,SPY
none,fibext@1.618,lo20_atr@1.0,81,0.0,2.57,3.49,0.432,SPY
none,fibext@1.618,keltner@2.0,81,0.0123,2.57,2.11,0.58,SPY
none,fibext@1.618,keltner@2.5,81,0.0123,2.57,2.43,0.58,SPY
none,fibext@1.618,fibext@1.272,81,0.0,2.57,3.75,0.395,SPY
none,fibext@1.618,fibext@1.618,81,0.0,2.57,5.3,0.395,SPY
ema50,close_atr@1.5,close_atr@1.5,81,0.2716,0.88,1.21,0.605,SPY
ema50,close_atr@1.5,close_atr@2.0,81,0.2222,0.88,1.26,0.395,SPY
ema50,close_atr@1.5,close_atr@2.5,81,0.1358,0.88,1.73,0.395,SPY
ema50,close_atr@1.5,close_atr@3.0,81,0.1235,0.88,2.05,0.395,SPY
ema50,close_atr@1.5,lo20_atr@0.5,81,0.0988,0.88,3.16,0.395,SPY
ema50,close_atr@1.5,lo20_atr@1.0,81,0.1111,0.88,3.49,0.395,SPY
ema50,close_atr@1.5,keltner@2.0,81,0.1111,0.88,2.0,0.42,SPY
ema50,close_atr@1.5,keltner@2.5,81,0.1111,0.88,2.49,0.37,SPY
ema50,close_atr@1.5,fibext@1.272,81,0.0617,0.88,3.93,0.407,SPY
ema50,close_atr@1.5,fibext@1.618,81,0.0,0.88,5.37,0.395,SPY
ema50,close_atr@2.0,close_atr@1.5,81,0.1975,1.41,1.21,0.605,SPY
ema50,close_atr@2.0,close_atr@2.0,81,0.1358,1.41,1.26,0.605,SPY
ema50,close_atr@2.0,close_atr@2.5,81,0.0864,1.41,1.73,0.395,SPY
ema50,close_atr@2.0,close_atr@3.0,81,0.0741,1.41,2.05,0.395,SPY
ema50,close_atr@2.0,lo20_atr@0.5,81,0.0864,1.41,3.16,0.395,SPY
ema50,close_atr@2.0,lo20_atr@1.0,81,0.0864,1.41,3.49,0.395,SPY
ema50,close_atr@2.0,keltner@2.0,81,0.0864,1.41,2.0,0.457,SPY
ema50,close_atr@2.0,keltner@2.5,81,0.0864,1.41,2.49,0.42,SPY
ema50,close_atr@2.0,fibext@1.272,81,0.0617,1.41,3.93,0.383,SPY
ema50,close_atr@2.0,fibext@1.618,81,0.0,1.41,5.37,0.407,SPY
ema50,close_atr@2.5,close_atr@1.5,81,0.1235,1.76,1.21,0.605,SPY
ema50,close_atr@2.5,close_atr@2.0,81,0.0864,1.76,1.26,0.605,SPY
ema50,close_atr@2.5,close_atr@2.5,81,0.0617,1.76,1.73,0.605,SPY
ema50,close_atr@2.5,close_atr@3.0,81,0.0617,1.76,2.05,0.395,SPY
ema50,close_atr@2.5,lo20_atr@0.5,81,0.0247,1.76,3.16,0.395,SPY
ema50,close_atr@2.5,lo20_atr@1.0,81,0.0247,1.76,3.49,0.395,SPY
ema50,close_atr@2.5,keltner@2.0,81,0.0494,1.76,2.0,0.481,SPY
ema50,close_atr@2.5,keltner@2.5,81,0.0617,1.76,2.49,0.457,SPY
ema50,close_atr@2.5,fibext@1.272,81,0.0123,1.76,3.93,0.37,SPY
ema50,close_atr@2.5,fibext@1.618,81,0.0,1.76,5.37,0.395,SPY
ema50,close_atr@3.0,close_atr@1.5,81,0.0494,2.17,1.21,0.605,SPY
ema50,close_atr@3.0,close_atr@2.0,81,0.0247,2.17,1.26,0.605,SPY
ema50,close_atr@3.0,close_atr@2.5,81,0.0123,2.17,1.73,0.605,SPY
ema50,close_atr@3.0,close_atr@3.0,81,0.0123,2.17,2.05,0.605,SPY
ema50,close_atr@3.0,lo20_atr@0.5,81,0.0,2.17,3.16,0.37,SPY
ema50,close_atr@3.0,lo20_atr@1.0,81,0.0,2.17,3.49,0.395,SPY
ema50,close_atr@3.0,keltner@2.0,81,0.0247,2.17,2.0,0.531,SPY
ema50,close_atr@3.0,keltner@2.5,81,0.0247,2.17,2.49,0.481,SPY
ema50,close_atr@3.0,fibext@1.272,81,0.0,2.17,3.93,0.407,SPY
ema50,close_atr@3.0,fibext@1.618,81,0.0,2.17,5.37,0.383,SPY
ema50,hi20_atr@0.5,close_atr@1.5,81,0.2099,1.15,1.21,0.519,SPY
ema50,hi20_atr@0.5,close_atr@2.0,81,0.1852,1.15,1.26,0.481,SPY
ema50,hi20_atr@0.5,close_atr@2.5,81,0.1481,1.15,1.73,0.457,SPY
ema50,hi20_atr@0.5,close_atr@3.0,81,0.1358,1.15,2.05,0.395,SPY
ema50,hi20_atr@0.5,lo20_atr@0.5,81,0.037,1.15,3.16,0.395,SPY
ema50,hi20_atr@0.5,lo20_atr@1.0,81,0.0247,1.15,3.49,0.383,SPY
ema50,hi20_atr@0.5,keltner@2.0,81,0.1235,1.15,2.0,0.444,SPY
ema50,hi20_atr@0.5,keltner@2.5,81,0.0988,1.15,2.49,0.42,SPY
ema50,hi20_atr@0.5,fibext@1.272,81,0.0123,1.15,3.93,0.407,SPY
ema50,hi20_atr@0.5,fibext@1.618,81,0.0,1.15,5.37,0.37,SPY
ema50,hi20_atr@1.0,close_atr@1.5,81,0.1852,1.33,1.21,0.556,SPY
ema50,hi20_atr@1.0,close_atr@2.0,81,0.1358,1.33,1.26,0.519,SPY
ema50,hi20_atr@1.0,close_atr@2.5,81,0.0988,1.33,1.73,0.481,SPY
ema50,hi20_atr@1.0,close_atr@3.0,81,0.0988,1.33,2.05,0.457,SPY
ema50,hi20_atr@1.0,lo20_atr@0.5,81,0.0123,1.33,3.16,0.395,SPY
ema50,hi20_atr@1.0,lo20_atr@1.0,81,0.0123,1.33,3.49,0.395,SPY
ema50,hi20_atr@1.0,keltner@2.0,81,0.0617,1.33,2.0,0.457,SPY
ema50,hi20_atr@1.0,keltner@2.5,81,0.037,1.33,2.49,0.444,SPY
ema50,hi20_atr@1.0,fibext@1.272,81,0.0,1.33,3.93,0.395,SPY
ema50,hi20_atr@1.0,fibext@1.618,81,0.0,1.33,5.37,0.407,SPY
ema50,keltner@2.0,close_atr@1.5,81,0.1975,1.2,1.21,0.481,SPY
ema50,keltner@2.0,close_atr@2.0,81,0.2222,1.2,1.26,0.457,SPY
ema50,keltner@2.0,close_atr@2.5,81,0.1852,1.2,1.73,0.42,SPY
ema50,keltner@2.0,close_atr@3.0,81,0.1728,1.2,2.05,0.37,SPY
ema50,keltner@2.0,lo20_atr@0.5,81,0.0741,1.2,3.16,0.358,SPY
ema50,keltner@2.0,lo20_atr@1.0,81,0.0617,1.2,3.49,0.407,SPY
ema50,keltner@2.0,keltner@2.0,81,0.1481,1.2,2.0,0.395,SPY
ema50,keltner@2.0,keltner@2.5,81,0.1358,1.2,2.49,0.407,SPY
ema50,keltner@2.0,fibext@1.272,81,0.0247,1.2,3.93,0.395,SPY
ema50,keltner@2.0,fibext@1.618,81,0.0,1.2,5.37,0.395,SPY
ema50,keltner@2.5,close_atr@1.5,81,0.1852,1.26,1.21,0.531,SPY
ema50,keltner@2.5,close_atr@2.0,81,0.1605,1.26,1.26,0.481,SPY
ema50,keltner@2.5,close_atr@2.5,81,0.1111,1.26,1.73,0.457,SPY
ema50,keltner@2.5,close_atr@3.0,81,0.1111,1.26,2.05,0.42,SPY
ema50,keltner@2.5,lo20_atr@0.5,81,0.037,1.26,3.16,0.37,SPY
ema50,keltner@2.5,lo20_atr@1.0,81,0.0247,1.26,3.49,0.358,SPY
ema50,keltner@2.5,keltner@2.0,81,0.0864,1.26,2.0,0.444,SPY
ema50,keltner@2.5,keltner@2.5,81,0.0741,1.26,2.49,0.395,SPY
ema50,keltner@2.5,fibext@1.272,81,0.0,1.26,3.93,0.395,SPY
ema50,keltner@2.5,fibext@1.618,81,0.0,1.26,5.37,0.383,SPY
ema50,fibext@1.272,close_atr@1.5,81,0.0247,3.37,1.21,0.605,SPY
ema50,fibext@1.272,close_atr@2.0,81,0.0123,3.37,1.26,0.605,SPY
ema50,fibext@1.272,close_atr@2.5,81,0.0,3.37,1.73,0.605,SPY
ema50,fibext@1.272,close_atr@3.0,81,0.0,3.37,2.05,0.63,SPY
ema50,fibext@1.272,lo20_atr@0.5,81,0.0,3.37,3.16,0.519,SPY
ema50,fibext@1.272,lo20_atr@1.0,81,0.0,3.37,3.49,0.494,SPY
ema50,fibext@1.272,keltner@2.0,81,0.0,3.37,2.0,0.593,SPY
ema50,fibext@1.272,keltner@2.5,81,0.0,3.37,2.49,0.568,SPY
ema50,fibext@1.272,fibext@1.272,81,0.0,3.37,3.93,0.457,SPY
ema50,fibext@1.272,fibext@1.618,81,0.0,3.37,5.37,0.42,SPY
ema50,fibext@1.618,close_atr@1.5,81,0.0,5.04,1.21,0.605,SPY
ema50,fibext@1.618,close_atr@2.0,81,0.0,5.04,1.26,0.605,SPY
ema50,fibext@1.618,close_atr@2.5,81,0.0,5.04,1.73,0.605,SPY
ema50,fibext@1.618,close_atr@3.0,81,0.0,5.04,2.05,0.605,SPY
ema50,fibext@1.618,lo20_atr@0.5,81,0.0,5.04,3.16,0.58,SPY
ema50,fibext@1.618,lo20_atr@1.0,81,0.0,5.04,3.49,0.531,SPY
ema50,fibext@1.618,keltner@2.0,81,0.0,5.04,2.0,0.593,SPY
ema50,fibext@1.618,keltner@2.5,81,0.0,5.04,2.49,0.58,SPY
ema50,fibext@1.618,fibext@1.272,81,0.0,5.04,3.93,0.494,SPY
ema50,fibext@1.618,fibext@1.618,81,0.0,5.04,5.37,0.457,SPY
macd,close_atr@1.5,close_atr@1.5,81,0.2593,0.96,1.26,0.506,SPY
macd,close_atr@1.5,close_atr@2.0,81,0.2222,0.96,1.36,0.395,SPY
macd,close_atr@1.5,close_atr@2.5,81,0.1358,0.96,1.81,0.395,SPY
macd,close_atr@1.5,close_atr@3.0,81,0.1111,0.96,2.22,0.395,SPY
macd,close_atr@1.5,lo20_atr@0.5,81,0.1111,0.96,3.37,0.383,SPY
macd,close_atr@1.5,lo20_atr@1.0,81,0.0741,0.96,3.75,0.395,SPY
macd,close_atr@1.5,keltner@2.0,81,0.1358,0.96,2.11,0.42,SPY
macd,close_atr@1.5,keltner@2.5,81,0.1235,0.96,2.68,0.395,SPY
macd,close_atr@1.5,fibext@1.272,81,0.0,0.96,4.92,0.395,SPY
macd,close_atr@1.5,fibext@1.618,81,0.0,0.96,6.45,0.395,SPY
macd,close_atr@2.0,close_atr@1.5,81,0.1975,1.25,1.26,0.506,SPY
macd,close_atr@2.0,close_atr@2.0,81,0.1481,1.25,1.36,0.506,SPY
macd,close_atr@2.0,close_atr@2.5,81,0.0988,1.25,1.81,0.395,SPY
macd,close_atr@2.0,close_atr@3.0,81,0.0741,1.25,2.22,0.395,SPY
macd,close_atr@2.0,lo20_atr@0.5,81,0.0864,1.25,3.37,0.383,SPY
macd,close_atr@2.0,lo20_atr@1.0,81,0.0494,1.25,3.75,0.383,SPY
macd,close_atr@2.0,keltner@2.0,81,0.1235,1.25,2.11,0.407,SPY
macd,close_atr@2.0,keltner@2.5,81,0.0988,1.25,2.68,0.42,SPY
macd,close_atr@2.0,fibext@1.272,81,0.0,1.25,4.92,0.37,SPY
macd,close_atr@2.0,fibext@1.618,81,0.0,1.25,6.45,0.407,SPY
macd,close_atr@2.5,close_atr@1.5,81,0.1481,1.72,1.26,0.605,SPY
macd,close_atr@2.5,close_atr@2.0,81,0.0988,1.72,1.36,0.506,SPY
macd,close_atr@2.5,close_atr@2.5,81,0.0741,1.72,1.81,0.506,SPY
macd,close_atr@2.5,close_atr@3.0,81,0.0494,1.72,2.22,0.395,SPY
macd,close_atr@2.5,lo20_atr@0.5,81,0.0741,1.72,3.37,0.358,SPY
macd,close_atr@2.5,lo20_atr@1.0,81,0.037,1.72,3.75,0.383,SPY
macd,close_atr@2.5,keltner@2.0,81,0.0864,1.72,2.11,0.444,SPY
macd,close_atr@2.5,keltner@2.5,81,0.0864,1.72,2.68,0.407,SPY
macd,close_atr@2.5,fibext@1.272,81,0.0,1.72,4.92,0.37,SPY
macd,close_atr@2.5,fibext@1.618,81,0.0,1.72,6.45,0.395,SPY
macd,close_atr@3.0,close_atr@1.5,81,0.0988,2.15,1.26,0.605,SPY
macd,close_atr@3.0,close_atr@2.0,81,0.0617,2.15,1.36,0.605,SPY
macd,close_atr@3.0,close_atr@2.5,81,0.0617,2.15,1.81,0.506,SPY
macd,close_atr@3.0,close_atr@3.0,81,0.0247,2.15,2.22,0.506,SPY
macd,close_atr@3.0,lo20_atr@0.5,81,0.0247,2.15,3.37,0.383,SPY
macd,close_atr@3.0,lo20_atr@1.0,81,0.0123,2.15,3.75,0.358,SPY
macd,close_atr@3.0,keltner@2.0,81,0.0617,2.15,2.11,0.444,SPY
macd,close_atr@3.0,keltner@2.5,81,0.037,2.15,2.68,0.444,SPY
macd,close_atr@3.0,fibext@1.272,81,0.0,2.15,4.92,0.37,SPY
macd,close_atr@3.0,fibext@1.618,81,0.0,2.15,6.45,0.383,SPY
macd,hi20_atr@0.5,close_atr@1.5,81,0.2346,1.15,1.26,0.481,SPY
macd,hi20_atr@0.5,close_atr@2.0,81,0.2099,1.15,1.36,0.432,SPY
macd,hi20_atr@0.5,close_atr@2.5,81,0.1728,1.15,1.81,0.407,SPY
macd,hi20_atr@0.5,close_atr@3.0,81,0.1358,1.15,2.22,0.407,SPY
macd,hi20_atr@0.5,lo20_atr@0.5,81,0.0741,1.15,3.37,0.407,SPY
macd,hi20_atr@0.5,lo20_atr@1.0,81,0.037,1.15,3.75,0.395,SPY
macd,hi20_atr@0.5,keltner@2.0,81,0.1728,1.15,2.11,0.395,SPY
macd,hi20_atr@0.5,keltner@2.5,81,0.1235,1.15,2.68,0.407,SPY
macd,hi20_atr@0.5,fibext@1.272,81,0.0123,1.15,4.92,0.37,SPY
macd,hi20_atr@0.5,fibext@1.618,81,0.0,1.15,6.45,0.383,SPY
macd,hi20_atr@1.0,close_atr@1.5,81,0.1852,1.33,1.26,0.494,SPY
macd,hi20_atr@1.0,close_atr@2.0,81,0.1481,1.33,1.36,0.481,SPY
macd,hi20_atr@1.0,close_atr@2.5,81,0.1111,1.33,1.81,0.432,SPY
macd,hi20_atr@1.0,close_atr@3.0,81,0.0988,1.33,2.22,0.407,SPY
macd,hi20_atr@1.0,lo20_atr@0.5,81,0.0123,1.33,3.37,0.383,SPY
macd,hi20_atr@1.0,lo20_atr@1.0,81,0.0,1.33,3.75,0.407,SPY
macd,hi20_atr@1.0,keltner@2.0,81,0.0864,1.33,2.11,0.444,SPY
macd,hi20_atr@1.0,keltner@2.5,81,0.0494,1.33,2.68,0.395,SPY
macd,hi20_atr@1.0,fibext@1.272,81,0.0,1.33,4.92,0.395,SPY
macd,hi20_atr@1.0,fibext@1.618,81,0.0,1.33,6.45,0.395,SPY
macd,keltner@2.0,close_atr@1.5,81,0.1975,1.27,1.26,0.444,SPY
macd,keltner@2.0,close_atr@2.0,81,0.2346,1.27,1.36,0.407,SPY
macd,keltner@2.0,close_atr@2.5,81,0.1605,1.27,1.81,0.42,SPY
macd,keltner@2.0,close_atr@3.0,81,0.1481,1.27,2.22,0.395,SPY
macd,keltner@2.0,lo20_atr@0.5,81,0.1235,1.27,3.37,0.346,SPY
macd,keltner@2.0,lo20_atr@1.0,81,0.0494,1.27,3.75,0.383,SPY
macd,keltner@2.0,keltner@2.0,81,0.1852,1.27,2.11,0.383,SPY
macd,keltner@2.0,keltner@2.5,81,0.1728,1.27,2.68,0.383,SPY
macd,keltner@2.0,fibext@1.272,81,0.0,1.27,4.92,0.383,SPY
macd,keltner@2.0,fibext@1.618,81,0.0,1.27,6.45,0.395,SPY
macd,keltner@2.5,close_atr@1.5,81,0.1852,1.23,1.26,0.444,SPY
macd,keltner@2.5,close_atr@2.0,81,0.1975,1.23,1.36,0.444,SPY
macd,keltner@2.5,close_atr@2.5,81,0.1481,1.23,1.81,0.407,SPY
macd,keltner@2.5,close_atr@3.0,81,0.1235,1.23,2.22,0.42,SPY
macd,keltner@2.5,lo20_atr@0.5,81,0.0741,1.23,3.37,0.383,SPY
macd,keltner@2.5,lo20_atr@1.0,81,0.037,1.23,3.75,0.346,SPY
macd,keltner@2.5,keltner@2.0,81,0.1235,1.23,2.11,0.42,SPY
macd,keltner@2.5,keltner@2.5,81,0.0988,1.23,2.68,0.383,SPY
macd,keltner@2.5,fibext@1.272,81,0.0,1.23,4.92,0.37,SPY
macd,keltner@2.5,fibext@1.618,81,0.0,1.23,6.45,0.383,SPY
macd,fibext@1.272,close_atr@1.5,81,0.0741,2.24,1.26,0.58,SPY
macd,fibext@1.272,close_atr@2.0,81,0.0494,2.24,1.36,0.531,SPY
macd,fibext@1.272,close_atr@2.5,81,0.0494,2.24,1.81,0.519,SPY
macd,fibext@1.272,close_atr@3.0,81,0.037,2.24,2.22,0.531,SPY
macd,fibext@1.272,lo20_atr@0.5,81,0.0247,2.24,3.37,0.457,SPY
macd,fibext@1.272,lo20_atr@1.0,81,0.0,2.24,3.75,0.457,SPY
macd,fibext@1.272,keltner@2.0,81,0.037,2.24,2.11,0.519,SPY
macd,fibext@1.272,keltner@2.5,81,0.0247,2.24,2.68,0.494,SPY
macd,fibext@1.272,fibext@1.272,81,0.0,2.24,4.92,0.407,SPY
macd,fibext@1.272,fibext@1.618,81,0.0,2.24,6.45,0.407,SPY
macd,fibext@1.618,close_atr@1.5,81,0.037,3.9,1.26,0.593,SPY
macd,fibext@1.618,close_atr@2.0,81,0.0247,3.9,1.36,0.58,SPY
macd,fibext@1.618,close_atr@2.5,81,0.0247,3.9,1.81,0.58,SPY
macd,fibext@1.618,close_atr@3.0,81,0.0,3.9,2.22,0.543,SPY
macd,fibext@1.618,lo20_atr@0.5,81,0.0,3.9,3.37,0.519,SPY
macd,fibext@1.618,lo20_atr@1.0,81,0.0,3.9,3.75,0.481,SPY
macd,fibext@1.618,keltner@2.0,81,0.0123,3.9,2.11,0.568,SPY
macd,fibext@1.618,keltner@2.5,81,0.0,3.9,2.68,0.543,SPY
macd,fibext@1.618,fibext@1.272,81,0.0,3.9,4.92,0.457,SPY
macd,fibext@1.618,fibext@1.618,81,0.0,3.9,6.45,0.407,SPY
mom10,close_atr@1.5,close_atr@1.5,81,0.2469,0.82,1.29,0.543,SPY
mom10,close_atr@1.5,close_atr@2.0,81,0.2222,0.82,1.23,0.395,SPY
mom10,close_atr@1.5,close_atr@2.5,81,0.1235,0.82,1.73,0.395,SPY
mom10,close_atr@1.5,close_atr@3.0,81,0.1111,0.82,2.2,0.395,SPY
mom10,close_atr@1.5,lo20_atr@0.5,81,0.0988,0.82,3.16,0.37,SPY
mom10,close_atr@1.5,lo20_atr@1.0,81,0.0864,0.82,3.49,0.395,SPY
mom10,close_atr@1.5,keltner@2.0,81,0.1111,0.82,2.0,0.383,SPY
mom10,close_atr@1.5,keltner@2.5,81,0.1235,0.82,2.49,0.37,SPY
mom10,close_atr@1.5,fibext@1.272,81,0.0247,0.82,4.2,0.395,SPY
mom10,close_atr@1.5,fibext@1.618,81,0.0,0.82,5.84,0.395,SPY
mom10,close_atr@2.0,close_atr@1.5,81,0.1852,1.32,1.29,0.543,SPY
mom10,close_atr@2.0,close_atr@2.0,81,0.1358,1.32,1.23,0.543,SPY
mom10,close_atr@2.0,close_atr@2.5,81,0.0741,1.32,1.73,0.395,SPY
mom10,close_atr@2.0,close_atr@3.0,81,0.0617,1.32,2.2,0.395,SPY
mom10,close_atr@2.0,lo20_atr@0.5,81,0.0864,1.32,3.16,0.383,SPY
mom10,close_atr@2.0,lo20_atr@1.0,81,0.0617,1.32,3.49,0.37,SPY
mom10,close_atr@2.0,keltner@2.0,81,0.0864,1.32,2.0,0.42,SPY
mom10,close_atr@2.0,keltner@2.5,81,0.0988,1.32,2.49,0.383,SPY
mom10,close_atr@2.0,fibext@1.272,81,0.0247,1.32,4.2,0.37,SPY
mom10,close_atr@2.0,fibext@1.618,81,0.0,1.32,5.84,0.407,SPY
mom10,close_atr@2.5,close_atr@1.5,81,0.1481,1.76,1.29,0.605,SPY
mom10,close_atr@2.5,close_atr@2.0,81,0.1111,1.76,1.23,0.543,SPY
mom10,close_atr@2.5,close_atr@2.5,81,0.0741,1.76,1.73,0.543,SPY
mom10,close_atr@2.5,close_atr@3.0,81,0.0617,1.76,2.2,0.395,SPY
mom10,close_atr@2.5,lo20_atr@0.5,81,0.0494,1.76,3.16,0.383,SPY
mom10,close_atr@2.5,lo20_atr@1.0,81,0.0247,1.76,3.49,0.383,SPY
mom10,close_atr@2.5,keltner@2.0,81,0.0741,1.76,2.0,0.457,SPY
mom10,close_atr@2.5,keltner@2.5,81,0.0864,1.76,2.49,0.42,SPY
mom10,close_atr@2.5,fibext@1.272,81,0.0,1.76,4.2,0.37,SPY
mom10,close_atr@2.5,fibext@1.618,81,0.0,1.76,5.84,0.395,SPY
mom10,close_atr@3.0,close_atr@1.5,81,0.0741,2.15,1.29,0.605,SPY
mom10,close_atr@3.0,close_atr@2.0,81,0.0494,2.15,1.23,0.605,SPY
mom10,close_atr@3.0,close_atr@2.5,81,0.037,2.15,1.73,0.543,SPY
mom10,close_atr@3.0,close_atr@3.0,81,0.0247,2.15,2.2,0.543,SPY
mom10,close_atr@3.0,lo20_atr@0.5,81,0.0247,2.15,3.16,0.358,SPY
mom10,close_atr@3.0,lo20_atr@1.0,81,0.0123,2.15,3.49,0.383,SPY
mom10,close_atr@3.0,keltner@2.0,81,0.0494,2.15,2.0,0.506,SPY
mom10,close_atr@3.0,keltner@2.5,81,0.0494,2.15,2.49,0.457,SPY
mom10,close_atr@3.0,fibext@1.272,81,0.0,2.15,4.2,0.383,SPY
mom10,close_atr@3.0,fibext@1.618,81,0.0,2.15,5.84,0.383,SPY
mom10,hi20_atr@0.5,close_atr@1.5,81,0.1975,1.1,1.29,0.506,SPY
mom10,hi20_atr@0.5,close_atr@2.0,81,0.1975,1.1,1.23,0.457,SPY
mom10,hi20_atr@0.5,close_atr@2.5,81,0.1728,1.1,1.73,0.42,SPY
mom10,hi20_atr@0.5,close_atr@3.0,81,0.1358,1.1,2.2,0.395,SPY
mom10,hi20_atr@0.5,lo20_atr@0.5,81,0.0494,1.1,3.16,0.383,SPY
mom10,hi20_atr@0.5,lo20_atr@1.0,81,0.037,1.1,3.49,0.358,SPY
mom10,hi20_atr@0.5,keltner@2.0,81,0.1358,1.1,2.0,0.432,SPY
mom10,hi20_atr@0.5,keltner@2.5,81,0.1111,1.1,2.49,0.395,SPY
mom10,hi20_atr@0.5,fibext@1.272,81,0.0123,1.1,4.2,0.358,SPY
mom10,hi20_atr@0.5,fibext@1.618,81,0.0,1.1,5.84,0.383,SPY
mom10,hi20_atr@1.0,close_atr@1.5,81,0.1728,1.29,1.29,0.531,SPY
mom10,hi20_atr@1.0,close_atr@2.0,81,0.1235,1.29,1.23,0.506,SPY
mom10,hi20_atr@1.0,close_atr@2.5,81,0.0988,1.29,1.73,0.457,SPY
mom10,hi20_atr@1.0,close_atr@3.0,81,0.0988,1.29,2.2,0.42,SPY
mom10,hi20_atr@1.0,lo20_atr@0.5,81,0.0123,1.29,3.16,0.407,SPY
mom10,hi20_atr@1.0,lo20_atr@1.0,81,0.0123,1.29,3.49,0.383,SPY
mom10,hi20_atr@1.0,keltner@2.0,81,0.0494,1.29,2.0,0.481,SPY
mom10,hi20_atr@1.0,keltner@2.5,81,0.037,1.29,2.49,0.432,SPY
mom10,hi20_atr@1.0,fibext@1.272,81,0.0,1.29,4.2,0.37,SPY
mom10,hi20_atr@1.0,fibext@1.618,81,0.0,1.29,5.84,0.395,SPY
mom10,keltner@2.0,close_atr@1.5,81,0.1852,1.07,1.29,0.457,SPY
mom10,keltner@2.0,close_atr@2.0,81,0.2346,1.07,1.23,0.42,SPY
mom10,keltner@2.0,close_atr@2.5,81,0.1975,1.07,1.73,0.383,SPY
mom10,keltner@2.0,close_atr@3.0,81,0.1852,1.07,2.2,0.37,SPY
mom10,keltner@2.0,lo20_atr@0.5,81,0.1111,1.07,3.16,0.346,SPY
mom10,keltner@2.0,lo20_atr@1.0,81,0.0617,1.07,3.49,0.37,SPY
mom10,keltner@2.0,keltner@2.0,81,0.1728,1.07,2.0,0.407,SPY
mom10,keltner@2.0,keltner@2.5,81,0.1728,1.07,2.49,0.37,SPY
mom10,keltner@2.0,fibext@1.272,81,0.0123,1.07,4.2,0.37,SPY
mom10,keltner@2.0,fibext@1.618,81,0.0,1.07,5.84,0.395,SPY
mom10,keltner@2.5,close_atr@1.5,81,0.2099,1.05,1.29,0.506,SPY
mom10,keltner@2.5,close_atr@2.0,81,0.1852,1.05,1.23,0.457,SPY
mom10,keltner@2.5,close_atr@2.5,81,0.1358,1.05,1.73,0.42,SPY
mom10,keltner@2.5,close_atr@3.0,81,0.1235,1.05,2.2,0.383,SPY
mom10,keltner@2.5,lo20_atr@0.5,81,0.0617,1.05,3.16,0.383,SPY
mom10,keltner@2.5,lo20_atr@1.0,81,0.037,1.05,3.49,0.346,SPY
mom10,keltner@2.5,keltner@2.0,81,0.1111,1.05,2.0,0.444,SPY
mom10,keltner@2.5,keltner@2.5,81,0.0988,1.05,2.49,0.407,SPY
mom10,keltner@2.5,fibext@1.272,81,0.0,1.05,4.2,0.37,SPY
mom10,keltner@2.5,fibext@1.618,81,0.0,1.05,5.84,0.37,SPY
mom10,fibext@1.272,close_atr@1.5,81,0.037,2.69,1.29,0.63,SPY
mom10,fibext@1.272,close_atr@2.0,81,0.0123,2.69,1.23,0.556,SPY
mom10,fibext@1.272,close_atr@2.5,81,0.0,2.69,1.73,0.556,SPY
mom10,fibext@1.272,close_atr@3.0,81,0.0,2.69,2.2,0.58,SPY
mom10,fibext@1.272,lo20_atr@0.5,81,0.0,2.69,3.16,0.494,SPY
mom10,fibext@1.272,lo20_atr@1.0,81,0.0,2.69,3.49,0.481,SPY
mom10,fibext@1.272,keltner@2.0,81,0.0,2.69,2.0,0.568,SPY
mom10,fibext@1.272,keltner@2.5,81,0.0,2.69,2.49,0.531,SPY
mom10,fibext@1.272,fibext@1.272,81,0.0,2.69,4.2,0.42,SPY
mom10,fibext@1.272,fibext@1.618,81,0.0,2.69,5.84,0.383,SPY
mom10,fibext@1.618,close_atr@1.5,81,0.0,4.12,1.29,0.605,SPY
mom10,fibext@1.618,close_atr@2.0,81,0.0,4.12,1.23,0.605,SPY
mom10,fibext@1.618,close_atr@2.5,81,0.0,4.12,1.73,0.617,SPY
mom10,fibext@1.618,close_atr@3.0,81,0.0,4.12,2.2,0.605,SPY
mom10,fibext@1.618,lo20_atr@0.5,81,0.0,4.12,3.16,0.543,SPY
mom10,fibext@1.618,lo20_atr@1.0,81,0.0,4.12,3.49,0.506,SPY
mom10,fibext@1.618,keltner@2.0,81,0.0,4.12,2.0,0.605,SPY
mom10,fibext@1.618,keltner@2.5,81,0.0,4.12,2.49,0.593,SPY
mom10,fibext@1.618,fibext@1.272,81,0.0,4.12,4.2,0.469,SPY
mom10,fibext@1.618,fibext@1.618,81,0.0,4.12,5.84,0.42,SPY
rsi50,close_atr@1.5,close_atr@1.5,81,0.2716,0.88,1.21,0.617,SPY
rsi50,close_atr@1.5,close_atr@2.0,81,0.2099,0.88,1.26,0.395,SPY
rsi50,close_atr@1.5,close_atr@2.5,81,0.1358,0.88,1.73,0.395,SPY
rsi50,close_atr@1.5,close_atr@3.0,81,0.1235,0.88,2.07,0.395,SPY
rsi50,close_atr@1.5,lo20_atr@0.5,81,0.0988,0.88,3.16,0.407,SPY
rsi50,close_atr@1.5,lo20_atr@1.0,81,0.0988,0.88,3.49,0.395,SPY
rsi50,close_atr@1.5,keltner@2.0,81,0.1111,0.88,2.0,0.432,SPY
rsi50,close_atr@1.5,keltner@2.5,81,0.1111,0.88,2.49,0.383,SPY
rsi50,close_atr@1.5,fibext@1.272,81,0.0494,0.88,3.93,0.407,SPY
rsi50,close_atr@1.5,fibext@1.618,81,0.0,0.88,5.37,0.395,SPY
rsi50,close_atr@2.0,close_atr@1.5,81,0.1975,1.41,1.21,0.617,SPY
rsi50,close_atr@2.0,close_atr@2.0,81,0.1235,1.41,1.26,0.617,SPY
rsi50,close_atr@2.0,close_atr@2.5,81,0.0864,1.41,1.73,0.395,SPY
rsi50,close_atr@2.0,close_atr@3.0,81,0.0741,1.41,2.07,0.395,SPY
rsi50,close_atr@2.0,lo20_atr@0.5,81,0.0864,1.41,3.16,0.407,SPY
rsi50,close_atr@2.0,lo20_atr@1.0,81,0.0741,1.41,3.49,0.407,SPY
rsi50,close_atr@2.0,keltner@2.0,81,0.0864,1.41,2.0,0.457,SPY
rsi50,close_atr@2.0,keltner@2.5,81,0.0864,1.41,2.49,0.432,SPY
rsi50,close_atr@2.0,fibext@1.272,81,0.0494,1.41,3.93,0.395,SPY
rsi50,close_atr@2.0,fibext@1.618,81,0.0,1.41,5.37,0.407,SPY
rsi50,close_atr@2.5,close_atr@1.5,81,0.1358,1.76,1.21,0.605,SPY
rsi50,close_atr@2.5,close_atr@2.0,81,0.0864,1.76,1.26,0.617,SPY
rsi50,close_atr@2.5,close_atr@2.5,81,0.0617,1.76,1.73,0.617,SPY
rsi50,close_atr@2.5,close_atr@3.0,81,0.0617,1.76,2.07,0.395,SPY
rsi50,close_atr@2.5,lo20_atr@0.5,81,0.037,1.76,3.16,0.395,SPY
rsi50,close_atr@2.5,lo20_atr@1.0,81,0.0247,1.76,3.49,0.407,SPY
rsi50,close_atr@2.5,keltner@2.0,81,0.0617,1.76,2.0,0.481,SPY
rsi50,close_atr@2.5,keltner@2.5,81,0.0741,1.76,2.49,0.457,SPY
rsi50,close_atr@2.5,fibext@1.272,81,0.0123,1.76,3.93,0.383,SPY
rsi50,close_atr@2.5,fibext@1.618,81,0.0,1.76,5.37,0.395,SPY
rsi50,close_atr@3.0,close_atr@1.5,81,0.0494,2.17,1.21,0.605,SPY
rsi50,close_atr@3.0,close_atr@2.0,81,0.0247,2.17,1.26,0.605,SPY
rsi50,close_atr@3.0,close_atr@2.5,81,0.0123,2.17,1.73,0.617,SPY
rsi50,close_atr@3.0,close_atr@3.0,81,0.0123,2.17,2.07,0.617,SPY
rsi50,close_atr@3.0,lo20_atr@0.5,81,0.0,2.17,3.16,0.37,SPY
rsi50,close_atr@3.0,lo20_atr@1.0,81,0.0,2.17,3.49,0.395,SPY
rsi50,close_atr@3.0,keltner@2.0,81,0.0247,2.17,2.0,0.531,SPY
rsi50,close_atr@3.0,keltner@2.5,81,0.0247,2.17,2.49,0.481,SPY
rsi50,close_atr@3.0,fibext@1.272,81,0.0,2.17,3.93,0.42,SPY
rsi50,close_atr@3.0,fibext@1.618,81,0.0,2.17,5.37,0.395,SPY
rsi50,hi20_atr@0.5,close_atr@1.5,81,0.2222,1.15,1.21,0.519,SPY
rsi50,hi20_atr@0.5,close_atr@2.0,81,0.1852,1.15,1.26,0.494,SPY
rsi50,hi20_atr@0.5,close_atr@2.5,81,0.1481,1.15,1.73,0.469,SPY
rsi50,hi20_atr@0.5,close_atr@3.0,81,0.1358,1.15,2.07,0.395,SPY
rsi50,hi20_atr@0.5,lo20_atr@0.5,81,0.0494,1.15,3.16,0.407,SPY
rsi50,hi20_atr@0.5,lo20_atr@1.0,81,0.0247,1.15,3.49,0.395,SPY
rsi50,hi20_atr@0.5,keltner@2.0,81,0.1358,1.15,2.0,0.444,SPY
rsi50,hi20_atr@0.5,keltner@2.5,81,0.1111,1.15,2.49,0.432,SPY
rsi50,hi20_atr@0.5,fibext@1.272,81,0.0123,1.15,3.93,0.42,SPY
rsi50,hi20_atr@0.5,fibext@1.618,81,0.0,1.15,5.37,0.37,SPY
rsi50,hi20_atr@1.0,close_atr@1.5,81,0.1852,1.26,1.21,0.556,SPY
rsi50,hi20_atr@1.0,close_atr@2.0,81,0.1358,1.26,1.26,0.519,SPY
rsi50,hi20_atr@1.0,close_atr@2.5,81,0.0988,1.26,1.73,0.494,SPY
rsi50,hi20_atr@1.0,close_atr@3.0,81,0.0988,1.26,2.07,0.469,SPY
rsi50,hi20_atr@1.0,lo20_atr@0.5,81,0.0123,1.26,3.16,0.395,SPY
rsi50,hi20_atr@1.0,lo20_atr@1.0,81,0.0123,1.26,3.49,0.407,SPY
rsi50,hi20_atr@1.0,keltner@2.0,81,0.0617,1.26,2.0,0.457,SPY
rsi50,hi20_atr@1.0,keltner@2.5,81,0.037,1.26,2.49,0.444,SPY
rsi50,hi20_atr@1.0,fibext@1.272,81,0.0,1.26,3.93,0.407,SPY
rsi50,hi20_atr@1.0,fibext@1.618,81,0.0,1.26,5.37,0.407,SPY
rsi50,keltner@2.0,close_atr@1.5,81,0.2099,1.16,1.21,0.481,SPY
rsi50,keltner@2.0,close_atr@2.0,81,0.2222,1.16,1.26,0.457,SPY
rsi50,keltner@2.0,close_atr@2.5,81,0.1852,1.16,1.73,0.432,SPY
rsi50,keltner@2.0,close_atr@3.0,81,0.1728,1.16,2.07,0.383,SPY
rsi50,keltner@2.0,lo20_atr@0.5,81,0.0864,1.16,3.16,0.358,SPY
rsi50,keltner@2.0,lo20_atr@1.0,81,0.0617,1.16,3.49,0.42,SPY
rsi50,keltner@2.0,keltner@2.0,81,0.1605,1.16,2.0,0.395,SPY
rsi50,keltner@2.0,keltner@2.5,81,0.1481,1.16,2.49,0.407,SPY
rsi50,keltner@2.0,fibext@1.272,81,0.0247,1.16,3.93,0.407,SPY
rsi50,keltner@2.0,fibext@1.618,81,0.0,1.16,5.37,0.395,SPY
rsi50,keltner@2.5,close_atr@1.5,81,0.1852,1.26,1.21,0.531,SPY
rsi50,keltner@2.5,close_atr@2.0,81,0.1605,1.26,1.26,0.481,SPY
rsi50,keltner@2.5,close_atr@2.5,81,0.1111,1.26,1.73,0.457,SPY
rsi50,keltner@2.5,close_atr@3.0,81,0.1111,1.26,2.07,0.432,SPY
rsi50,keltner@2.5,lo20_atr@0.5,81,0.037,1.26,3.16,0.37,SPY
rsi50,keltner@2.5,lo20_atr@1.0,81,0.0247,1.26,3.49,0.358,SPY
rsi50,keltner@2.5,keltner@2.0,81,0.0864,1.26,2.0,0.444,SPY
rsi50,keltner@2.5,keltner@2.5,81,0.0741,1.26,2.49,0.395,SPY
rsi50,keltner@2.5,fibext@1.272,81,0.0,1.26,3.93,0.407,SPY
rsi50,keltner@2.5,fibext@1.618,81,0.0,1.26,5.37,0.395,SPY
rsi50,fibext@1.272,close_atr@1.5,81,0.037,3.37,1.21,0.605,SPY
rsi50,fibext@1.272,close_atr@2.0,81,0.0123,3.37,1.26,0.617,SPY
rsi50,fibext@1.272,close_atr@2.5,81,0.0,3.37,1.73,0.617,SPY
rsi50,fibext@1.272,close_atr@3.0,81,0.0,3.37,2.07,0.642,SPY
rsi50,fibext@1.272,lo20_atr@0.5,81,0.0123,3.37,3.16,0.519,SPY
rsi50,fibext@1.272,lo20_atr@1.0,81,0.0,3.37,3.49,0.506,SPY
rsi50,fibext@1.272,keltner@2.0,81,0.0123,3.37,2.0,0.593,SPY
rsi50,fibext@1.272,keltner@2.5,81,0.0123,3.37,2.49,0.568,SPY
rsi50,fibext@1.272,fibext@1.272,81,0.0,3.37,3.93,0.469,SPY
rsi50,fibext@1.272,fibext@1.618,81,0.0,3.37,5.37,0.432,SPY
rsi50,fibext@1.618,close_atr@1.5,81,0.0,5.04,1.21,0.605,SPY
rsi50,fibext@1.618,close_atr@2.0,81,0.0,5.04,1.26,0.605,SPY
rsi50,fibext@1.618,close_atr@2.5,81,0.0,5.04,1.73,0.605,SPY
rsi50,fibext@1.618,close_atr@3.0,81,0.0,5.04,2.07,0.605,SPY
rsi50,fibext@1.618,lo20_atr@0.5,81,0.0,5.04,3.16,0.58,SPY
rsi50,fibext@1.618,lo20_atr@1.0,81,0.0,5.04,3.49,0.531,SPY
rsi50,fibext@1.618,keltner@2.0,81,0.0,5.04,2.0,0.593,SPY
rsi50,fibext@1.618,keltner@2.5,81,0.0,5.04,2.49,0.58,SPY
rsi50,fibext@1.618,fibext@1.272,81,0.0,5.04,3.93,0.506,SPY
rsi50,fibext@1.618,fibext@1.618,81,0.0,5.04,5.37,0.469,SPY
