strategy,side,adx_min,exit,train_n,train_wr,train_exp,train_pf,train_mae,train_mfe,test_n,test_wr,test_exp,test_pf,test_mae,test_mfe
pullback,long,0,fixed2.0,1302,0.33947772657450076,-0.041187355944511186,0.9411609113524704,-1.5076281786932022,1.5753591853939664,610,0.33278688524590166,-0.05505019648813352,0.9217568463080142,-1.5019812856578703,1.4724233420977983
pullback,long,0,fixed3.0,1292,0.26702786377708976,-4.443568703921315e-05,0.9999427845723406,-1.6436178952805753,1.8490309565677159,603,0.2669983416252073,0.007094446022960376,1.0091768172234084,-1.6112655549310393,1.7255264083831239
pullback,long,0,trail2.5,1281,0.19047619047619047,0.05495482080484257,1.0615818193673,-1.810234339304723,3.0552762942357963,593,0.16863406408094436,-0.014511257947141275,0.9838658801060951,-1.7847864216821183,2.9201432029646996
pullback,long,0,trail3.0,1275,0.16470588235294117,0.08834685183430382,1.0960763158318048,-1.8587900051629582,3.224720364640047,591,0.15228426395939088,0.005497147918799427,1.0059000813832504,-1.8223715994922793,3.104384036382126
pullback,long,20,fixed2.0,272,0.375,0.061503754491500355,1.092576942397414,-1.4071578681467853,1.6774354893163188,109,0.26605504587155965,-0.25520202161894046,0.6702962952082272,-1.5251743658706944,1.3633598150648671
pullback,long,20,fixed3.0,272,0.3014705882352941,0.14238610743267685,1.191671181356377,-1.5405205201335752,2.0462078326821653,108,0.24074074074074073,-0.09046326945379812,0.8869783128874901,-1.553178669183743,1.563119681733513
pullback,long,20,trail2.5,271,0.2066420664206642,0.27735632756751816,1.3125965547273832,-1.8219166461007898,3.688317465456056,105,0.2,0.2536000223856623,1.2734490920282877,-1.7384544696931858,3.265571117205307
pullback,long,20,trail3.0,271,0.16236162361623616,0.0897123422063962,1.0960700506228007,-1.8874707868147411,3.725875579895144,105,0.17142857142857143,0.05858490018259623,1.0614742575220264,-1.7675469109254913,3.3322372922595345
pullback,long,25,fixed2.0,79,0.3924050632911392,0.10892702019862448,1.1677678556897806,-1.31196792882782,1.9159338111042685,28,0.2857142857142857,-0.20048255966456704,0.7352256344766314,-1.4390823874301504,1.2452101948775467
pullback,long,25,fixed3.0,79,0.34177215189873417,0.2988004379201435,1.4247948121380136,-1.4393960143479279,2.181815419787229,27,0.25925925925925924,-0.020982385746428796,0.9732785551402368,-1.4709573016244348,1.3922354486945017
pullback,long,25,trail2.5,79,0.20253164556962025,0.018978075898895583,1.0222349803997663,-1.8470715370815498,3.7341375630659996,26,0.23076923076923078,0.4116248373644576,1.4664892636807776,-1.5544885690929193,3.2605659691440136
pullback,long,25,trail3.0,79,0.1518987341772152,-0.18620055854888393,0.7953893037439461,-1.9831527338745403,3.7360629511384102,26,0.19230769230769232,0.20585556731186697,1.233164261490646,-1.5640276654827021,3.2605659691440136
pullback,short,0,fixed2.0,848,0.30778301886792453,-0.13481020431774768,0.8149624337673987,-0.05644011029779945,0.15024398607652434,429,0.32634032634032634,-0.07216052988460671,0.8980507023220314,-0.055008518084244555,0.17602721326218476
pullback,short,0,fixed3.0,837,0.21983273596176822,-0.18355365851909086,0.7762737135730108,-0.08433384936695086,0.31159312110680576,426,0.23943661971830985,-0.09959395716675554,0.8752732123808545,-0.07624316379959967,0.3707201311611022
pullback,short,0,trail2.5,828,0.10869565217391304,-0.4585860770511193,0.5392180583128523,-0.09961211100553637,1.0578798028725258,423,0.14184397163120568,-0.1363916158460691,0.8528508483855128,-0.08070827787192322,1.3772922494266293
pullback,short,0,trail3.0,826,0.09322033898305085,-0.46748740230751795,0.5404617076628809,-0.10349754090140706,1.1778941936193636,423,0.1347517730496454,-0.1039642529166638,0.8899851904661025,-0.08577282303657746,1.584064945288533
pullback,short,20,fixed2.0,195,0.2923076923076923,-0.18549870494922904,0.7508521711757966,-0.08127148934637914,0.1598286951899053,95,0.35789473684210527,0.02245367848256621,1.033191095661173,-0.09008445875267505,0.17025505834890528
pullback,short,20,fixed3.0,193,0.19170984455958548,-0.3057888117970217,0.6400836586596488,-0.09334338396142365,0.30437571884082804,95,0.24210526315789474,-0.08280947941217065,0.8961776436166636,-0.09521961595380486,0.38962426949930556
pullback,short,20,trail2.5,192,0.11458333333333333,-0.5843393300604692,0.42590473194471146,-0.12073960674310087,0.9249690588357691,95,0.1368421052631579,-0.1960324641888407,0.7995554588143786,-0.10009085641205935,1.5098668195624405
pullback,short,20,trail3.0,191,0.09424083769633508,-0.6861361668966206,0.34018401339320437,-0.12508526710943133,0.9349075610418043,95,0.1368421052631579,-0.3177271946764226,0.6784433845717973,-0.10672778167734975,1.5236566474306834
pullback,short,25,fixed2.0,67,0.23880597014925373,-0.3374757355789596,0.579752932388594,-0.04677078771973669,0.11237524774831015,27,0.2222222222222222,-0.3859931679960425,0.5296982990783953,-0.013907939774207876,0.09321825642237105
pullback,short,25,fixed3.0,66,0.15151515151515152,-0.44782435589400116,0.4993154719628279,-0.06336091158655749,0.1894777464421735,27,0.14814814814814814,-0.46006724207011657,0.48739397248203686,-0.014192927963158582,0.22737955059963766
pullback,short,25,trail2.5,66,0.07575757575757576,-0.6026038084636246,0.41880478313609254,-0.08895099423893404,0.7118122085978145,27,0.14814814814814814,0.15404821722211068,1.1789673619123915,-0.014192927963158582,1.6751676675737952
pullback,short,25,trail3.0,66,0.06060606060606061,-0.6859520380934738,0.34586175032379435,-0.09655317690340026,0.7118122085978145,27,0.14814814814814814,-0.0019129939251617916,0.9977775563890686,-0.014192927963158582,1.6751676675737952
breakout,long,0,fixed2.0,311,0.42443729903536975,0.22185988735079903,1.3756933622295535,-1.284003160152232,1.6190451829694372,132,0.4090909090909091,0.17353470463786813,1.2831503917975433,-1.402845574983947,1.5442761022596792
breakout,long,0,fixed3.0,310,0.3580645161290323,0.3039160320856649,1.4623452763825437,-1.358753579402133,1.8550396479955191,132,0.3333333333333333,0.19209454241090715,1.2778933439490698,-1.527783724793471,1.750388167101723
breakout,long,0,trail2.5,309,0.3074433656957929,0.411049674420223,1.5745021248366942,-1.432931984726586,3.0177571568474857,132,0.25,-0.2239008272292055,0.7070918945596013,-1.6034083833375388,2.3568349154324877
breakout,long,0,trail3.0,307,0.2671009771986971,0.4696696335512723,1.6168945990377948,-1.498159339930951,3.1997097590591363,132,0.2196969696969697,-0.048777617196308576,0.9380938161257282,-1.6595790650161437,2.7257389142880575
breakout,long,20,fixed2.0,125,0.432,0.24113555266420528,1.4065140250853405,-1.3094184322346305,1.5833060529057754,50,0.48,0.3758652021909405,1.6963150694179299,-1.2631348237176767,1.7787126048681374
breakout,long,20,fixed3.0,124,0.3548387096774194,0.31541451592602815,1.4726044175504192,-1.3836395476750514,1.8524226037348532,50,0.42,0.5671746569862275,1.9412253252439895,-1.3867306946153315,2.073316354105714
breakout,long,20,trail2.5,124,0.29838709677419356,0.7024941843085193,2.0155210688620553,-1.4573423130115837,3.2695445463115766,50,0.32,0.20473441189567265,1.296640409237862,-1.5439144792337884,3.2833777779217272
breakout,long,20,trail3.0,124,0.2661290322580645,0.7238932642510766,1.9791247204659832,-1.5014144912678176,3.396088914645848,50,0.3,0.5899206215297068,1.833515756649104,-1.5733420823363469,3.9927177602434396
breakout,long,25,fixed2.0,42,0.42857142857142855,0.24467973904079024,1.4083300144975253,-1.2381176726449912,1.5832863937690589,20,0.45,0.31675191445183265,1.5554167854119936,-1.293855480980516,1.5927021089417015
breakout,long,25,fixed3.0,42,0.38095238095238093,0.38797072299803537,1.5986923758533715,-1.3108142607347786,1.8224233794773343,20,0.4,0.4950255514400501,1.794595155645711,-1.4463583554498283,1.9060538414494523
breakout,long,25,trail2.5,42,0.30952380952380953,0.8729050314493003,2.294618273219754,-1.420733437657136,3.398946669371168,20,0.3,0.008978597104189778,1.0122520340780707,-1.6172236934742397,2.979911706800195
breakout,long,25,trail3.0,42,0.2857142857142857,0.8424330558181752,2.175929527774635,-1.4326817331199397,3.459447695479595,20,0.25,0.3625621507040075,1.4773219620828488,-1.6172236934742397,3.5682916664617927
breakout,short,0,fixed2.0,358,0.31564245810055863,-0.09956216428299866,0.8588301417744441,-0.1564339892731839,0.2799519951307851,169,0.3136094674556213,-0.10485439803768075,0.8510493211992767,-0.13444151066364474,0.24941394345116524
breakout,short,0,fixed3.0,358,0.2541899441340782,-0.08033101451316332,0.8950135675637113,-0.18254622330628442,0.4854479329220386,169,0.24260355029585798,-0.12399312534703226,0.8404934455763957,-0.14540804700530258,0.4066479320579051
breakout,short,0,trail2.5,357,0.19887955182072828,-0.17591164916800373,0.7921352981562965,-0.17088430361270257,1.2501865786048383,168,0.19642857142857142,-0.25004998671872186,0.7024898382941596,-0.13599803384610049,1.1661888341547142
breakout,short,0,trail3.0,357,0.19047619047619047,-0.07602433979933763,0.9116547568467975,-0.18196177289448476,1.4409389430125827,168,0.17857142857142858,-0.23085400197906644,0.7363948383876653,-0.13956279906529348,1.3009029260131595
breakout,short,20,fixed2.0,140,0.32857142857142857,-0.055501269595007535,0.9197434362413923,-0.15314292661322598,0.28306428647490556,70,0.3,-0.13367253093955483,0.8152885447178354,-0.11401027660101251,0.24844130758981361
breakout,short,20,fixed3.0,140,0.2571428571428571,-0.08047420437616647,0.8935692533544377,-0.1663489909512658,0.49102857867946553,70,0.22857142857142856,-0.13668563985729767,0.8286878207701991,-0.12110086459067743,0.43778755466553587
breakout,short,20,trail2.5,140,0.21428571428571427,-0.05723355151992082,0.9287694109113187,-0.14944426070793757,1.319477941162704,69,0.2028985507246377,-0.11023571571898858,0.8657774966716076,-0.11062045875734332,1.2705698596702597
breakout,short,20,trail3.0,140,0.19285714285714287,0.11370397205258063,1.1378606087432477,-0.1625820070886775,1.5391569386500417,69,0.2028985507246377,-0.1655668334084572,0.8039066812515807,-0.11062045875734332,1.343417405769494
breakout,short,25,fixed2.0,60,0.2833333333333333,-0.1776517120616689,0.7584539922509974,-0.1736042141203287,0.23526243590726015,30,0.3,-0.13436008612414826,0.8146021708917803,-0.10531560591994497,0.14946871271892537
breakout,short,25,fixed3.0,60,0.21666666666666667,-0.17522179215592168,0.7820030008520666,-0.19380866034836633,0.3959369801473757,30,0.2,-0.2747240069322148,0.668241209420095,-0.11603787770283452,0.3839177904317111
breakout,short,25,trail2.5,60,0.16666666666666666,-0.17447677944492135,0.8005222985045745,-0.18856361068226196,1.0857570304592106,30,0.2,-0.2681772800809371,0.6815643805148941,-0.09880669046147193,1.1055997715224022
breakout,short,25,trail3.0,60,0.16666666666666666,0.06505504022098832,1.0726939023200137,-0.19380866034836633,1.3565005828833772,30,0.2,-0.3635067821480372,0.5745257131902276,-0.09880669046147193,1.1055997715224022
retest,long,0,fixed2.0,11101,0.3614088820826952,0.020487606481105765,1.031131463781285,-1.2808472441712768,1.44435093980598,5125,0.3633170731707317,0.027590994839099228,1.042379485088049,-1.2826585094077585,1.4295981441707395
retest,long,0,fixed3.0,10585,0.30033065658951347,0.06798695046446956,1.0945182290163973,-1.3757515929897792,1.6758879142319696,4860,0.3022633744855967,0.06649457054777172,1.093449864895367,-1.360350652972058,1.651444187721483
retest,long,0,trail2.5,10507,0.2514514133434853,0.08199416504087204,1.1061278905504792,-1.4278752054269523,2.474236207286636,4907,0.2512736906460159,0.026976598888545558,1.0356894780935366,-1.389119945234235,2.3838714323367167
retest,long,0,trail3.0,9943,0.23282711455295182,0.14473950354426102,1.176946397065416,-1.4841720218282566,2.670794908600117,4582,0.23505019642077696,0.13657504076955124,1.1731510617532328,-1.424196343630059,2.621199742673064
retest,long,20,fixed2.0,5071,0.3640307631630842,0.02214395776781722,1.0337754300207342,-1.2605013995436192,1.4363280837962016,2193,0.3752849977200182,0.06488227478789459,1.1018398296215604,-1.2477012921607318,1.4410317064070992
retest,long,20,fixed3.0,4913,0.3002238957866884,0.05299320948530028,1.0735842334741974,-1.3619389094579684,1.6760219191165036,2121,0.3088165959453088,0.09661688661056893,1.137554733122994,-1.3363839336797312,1.6529651544609076
retest,long,20,trail2.5,4875,0.24861538461538463,0.025938518118334353,1.0333362647699662,-1.4219942574491715,2.4461047634307267,2110,0.2563981042654028,0.013162914175556423,1.0176724870254514,-1.3752866552966714,2.391860431555444
retest,long,20,trail3.0,4734,0.22729193071398396,0.0852419751393363,1.1033570621170932,-1.4809357838727213,2.6367369845743434,2044,0.2353228962818004,0.15350300621968208,1.1969044026885918,-1.4148075734406382,2.6715465611463842
retest,long,25,fixed2.0,2572,0.3759720062208398,0.061792296061099074,1.0961560815405225,-1.2399211912003207,1.4551567715961238,1034,0.3781431334622824,0.0833676126670019,1.1319625422779702,-1.2301211438104251,1.458273730175356
retest,long,25,fixed3.0,2506,0.30726256983240224,0.09181076032320615,1.1289491186551444,-1.3451866836642707,1.7135591102789791,1010,0.3099009900990099,0.10481422958265467,1.1501486102954157,-1.3315492432983482,1.6678787683876495
retest,long,25,trail2.5,2493,0.2547131969514641,0.04862235606478726,1.0638582293228123,-1.3998689741423735,2.470332457878221,1003,0.2502492522432702,0.05593064137527918,1.075054004020827,-1.3657364008607351,2.444529667517569
retest,long,25,trail3.0,2442,0.2362817362817363,0.10973550476288609,1.1349437908810105,-1.4653862294241966,2.6700770195095145,978,0.2331288343558282,0.19380659874516096,1.2469057868300704,-1.413588660838767,2.70221071555519
retest,short,0,fixed2.0,7444,0.30897367006985493,-0.13405124836914523,0.8092839740032017,-0.20756065266516208,0.3442148830580286,3296,0.2858009708737864,-0.21096918617135554,0.7088216723373542,-0.1766172029771572,0.32044730074123867
retest,short,0,fixed3.0,7124,0.24943851768669287,-0.13843885859700145,0.8181824338816912,-0.2261818098430449,0.5325422078619618,3162,0.23118279569892472,-0.22878859067023288,0.7064989918391261,-0.19273945367438364,0.47249455661714396
retest,short,0,trail2.5,7215,0.20083160083160084,-0.2760646631430123,0.6641727319683111,-0.20401018020805112,1.0463894595652303,3180,0.1861635220125786,-0.34971028814442673,0.5738804690252612,-0.17826055197714233,0.907067428998428
retest,short,0,trail3.0,6826,0.18077937298564312,-0.309493395637382,0.6434809468309362,-0.22734578720627932,1.1583896841891648,3010,0.1700996677740864,-0.35226354985923064,0.589084903033012,-0.19317387006807965,1.0175994322824382
retest,short,20,fixed2.0,3065,0.30505709624796085,-0.14609876353631956,0.7934994488058219,-0.21300467561805123,0.33487190354125357,1302,0.2926267281105991,-0.18186465915362504,0.7461568031231972,-0.18636827744894882,0.30868072939505076
retest,short,20,fixed3.0,2972,0.24663526244952894,-0.15016968800607144,0.8037746066409587,-0.23397455858615776,0.5198220546544159,1264,0.23655063291139242,-0.1838589577557647,0.7615706943625535,-0.20345116223140003,0.48126061277527715
retest,short,20,trail2.5,2951,0.1880718400542189,-0.3024421582612589,0.6364564355324539,-0.21143360078848975,1.0272366477676695,1253,0.18754988028731046,-0.3320375551189898,0.603588688670881,-0.18931614262132154,0.9584560065474721
retest,short,20,trail3.0,2883,0.17065556711758584,-0.3492576473520552,0.6014823792831612,-0.23320973889545316,1.1130850217883654,1216,0.17598684210526316,-0.3205180318870646,0.6306808041895026,-0.20155854263287287,1.1031271414290638
retest,short,25,fixed2.0,1415,0.2954063604240283,-0.17214236227487908,0.7600678027392367,-0.2039532867144213,0.32379689656957367,566,0.28975265017667845,-0.18011653128375893,0.7486624245590979,-0.1615943656404773,0.3036040733984135
retest,short,25,fixed3.0,1383,0.23716558206796817,-0.17136588402294542,0.778935842341887,-0.22206195842884843,0.49340079781376145,550,0.22545454545454546,-0.21766543520350407,0.7208843421822971,-0.1841898560240103,0.46844666079402414
retest,short,25,trail2.5,1365,0.1728937728937729,-0.3350121140897002,0.605583188538408,-0.2044009997561494,0.9965271909340365,546,0.184981684981685,-0.3227324448538804,0.617837284315836,-0.16601351323486827,0.9817624369190647
retest,short,25,trail3.0,1355,0.16236162361623616,-0.3630104243067495,0.5924081298086199,-0.2246886700610325,1.110135874749281,538,0.17472118959107807,-0.3357775212075752,0.6172943029550626,-0.17569453039483846,1.0938349636480793
