ticker,strategy,side,target_r,grade,train_n,train_win_rate,train_avg_win_R,train_expectancy_R,train_profit_factor,train_max_dd_R,test_n,test_win_rate,test_avg_win_R,test_expectancy_R,test_profit_factor,test_max_dd_R
NVDA,pullback,long,3.0,B (thin),2,0.5,2.9583547265674874,0.9622208459674997,2.8613187255338706,0.0,1,1.0,2.976285516813078,2.976285516813078,99.0,0.0
NVDA,pullback,short,3.0,B (thin),0,0.0,0.0,0.0,0.0,0.0,0,0.0,0.0,0.0,0.0,0.0
NVDA,breakout,long,3.0,B (thin),0,0.0,0.0,0.0,0.0,0.0,1,0.0,0.0,-1.0603502882144256,0.0,0.0
NVDA,breakout,short,3.0,B (thin),0,0.0,0.0,0.0,0.0,0.0,0,0.0,0.0,0.0,0.0,0.0
NVDA,retest,long,3.0,B (thin),10,0.2,2.9809537608386103,-0.13996003763583445,0.809875857535678,6.334193128562255,4,0.5,1.955396780010343,0.46602515870003125,1.9107866704524037,1.0112836678703037
NVDA,retest,short,3.0,B (thin),0,0.0,0.0,0.0,0.0,0.0,0,0.0,0.0,0.0,0.0,0.0
AAPL,pullback,long,3.0,B (thin),0,0.0,0.0,0.0,0.0,0.0,0,0.0,0.0,0.0,0.0,0.0
AAPL,pullback,short,3.0,B (thin),0,0.0,0.0,0.0,0.0,0.0,0,0.0,0.0,0.0,0.0,0.0
AAPL,breakout,long,3.0,B (thin),0,0.0,0.0,0.0,0.0,0.0,0,0.0,0.0,0.0,0.0,0.0
AAPL,breakout,short,3.0,B (thin),0,0.0,0.0,0.0,0.0,0.0,0,0.0,0.0,0.0,0.0,0.0
AAPL,retest,long,3.0,B (thin),6,0.8333333333333334,2.511389103204558,1.9169474529365147,11.899376471690926,1.055260798403701,4,0.5,2.9691088521299243,0.9719298969941375,2.895987885628186,1.0219544155635847
AAPL,retest,short,3.0,B (thin),0,0.0,0.0,0.0,0.0,0.0,0,0.0,0.0,0.0,0.0,0.0
GOOGL,pullback,long,3.0,B (thin),0,0.0,0.0,0.0,0.0,0.0,0,0.0,0.0,0.0,0.0,0.0
GOOGL,pullback,short,3.0,B (thin),0,0.0,0.0,0.0,0.0,0.0,0,0.0,0.0,0.0,0.0,0.0
GOOGL,breakout,long,3.0,B (thin),0,0.0,0.0,0.0,0.0,0.0,0,0.0,0.0,0.0,0.0,0.0
GOOGL,breakout,short,3.0,B (thin),0,0.0,0.0,0.0,0.0,0.0,0,0.0,0.0,0.0,0.0,0.0
GOOGL,retest,long,3.0,B (thin),4,0.75,2.975660222391207,1.9746125741117246,8.679355438834673,1.028530370726723,6,0.0,0.0,-1.0241051078656407,0.0,5.114814019092478
GOOGL,retest,short,3.0,B (thin),0,0.0,0.0,0.0,0.0,0.0,0,0.0,0.0,0.0,0.0,0.0
GOOG,pullback,long,3.0,B (thin),0,0.0,0.0,0.0,0.0,0.0,0,0.0,0.0,0.0,0.0,0.0
GOOG,pullback,short,3.0,B (thin),0,0.0,0.0,0.0,0.0,0.0,0,0.0,0.0,0.0,0.0,0.0
GOOG,breakout,long,3.0,B (thin),0,0.0,0.0,0.0,0.0,0.0,0,0.0,0.0,0.0,0.0,0.0
GOOG,breakout,short,3.0,B (thin),0,0.0,0.0,0.0,0.0,0.0,0,0.0,0.0,0.0,0.0,0.0
GOOG,retest,long,3.0,B (thin),5,0.4,2.972053731668529,0.5711995651298483,1.9248369263818088,3.088109637687817,4,0.25,2.956223591899319,-0.025606518750373786,0.966512648993476,1.0164548167739673
GOOG,retest,short,3.0,B (thin),0,0.0,0.0,0.0,0.0,0.0,0,0.0,0.0,0.0,0.0,0.0
MSFT,pullback,long,3.0,B (thin),2,0.5,2.9471590552196987,0.9350748894060239,2.7364286638736353,1.0770092764076509,0,0.0,0.0,0.0,0.0,0.0
MSFT,pullback,short,3.0,B (thin),0,0.0,0.0,0.0,0.0,0.0,0,0.0,0.0,0.0,0.0,0.0
MSFT,breakout,long,3.0,B (thin),1,0.0,0.0,-1.0965082427100474,0.0,0.0,0,0.0,0.0,0.0,0.0,0.0
MSFT,breakout,short,3.0,B (thin),1,1.0,2.9742936767624073,2.9742936767624073,99.0,0.0,0,0.0,0.0,0.0,0.0,0.0
MSFT,retest,long,3.0,B (thin),5,0.2,2.9579511565809757,-0.2604531504815094,0.6943193785133498,4.260216908988523,0,0.0,0.0,0.0,0.0,0.0
MSFT,retest,short,3.0,B (thin),6,0.3333333333333333,2.946016862663128,0.2937584317864628,1.4268211137484919,2.057164438988267,5,0.2,2.9838226397080163,-0.24069344039428392,0.7125904230482565,3.1241428403087497
AMZN,pullback,long,3.0,B (thin),1,0.0,0.0,-1.1049293137578358,0.0,0.0,0,0.0,0.0,0.0,0.0,0.0
AMZN,pullback,short,3.0,B (thin),0,0.0,0.0,0.0,0.0,0.0,0,0.0,0.0,0.0,0.0,0.0
AMZN,breakout,long,3.0,B (thin),0,0.0,0.0,0.0,0.0,0.0,0,0.0,0.0,0.0,0.0,0.0
AMZN,breakout,short,3.0,B (thin),0,0.0,0.0,0.0,0.0,0.0,0,0.0,0.0,0.0,0.0,0.0
AMZN,retest,long,3.0,B (thin),9,0.2222222222222222,2.0309816174602298,-0.36721893123655314,0.551377743661373,3.2999727955238156,5,0.0,0.0,-1.0335603823986381,0.0,4.143759989389623
AMZN,retest,short,3.0,B (thin),4,0.0,0.0,-1.0270421268553847,0.0,3.0825663218138044,0,0.0,0.0,0.0,0.0,0.0
AVGO,pullback,long,3.0,B (thin),1,0.0,0.0,-1.0474824355798829,0.0,0.0,0,0.0,0.0,0.0,0.0,0.0
AVGO,pullback,short,3.0,B (thin),1,1.0,2.973601410195372,2.973601410195372,99.0,0.0,0,0.0,0.0,0.0,0.0,0.0
AVGO,breakout,long,3.0,B (thin),0,0.0,0.0,0.0,0.0,0.0,0,0.0,0.0,0.0,0.0,0.0
AVGO,breakout,short,3.0,B (thin),0,0.0,0.0,0.0,0.0,0.0,0,0.0,0.0,0.0,0.0,0.0
AVGO,retest,long,3.0,B,10,0.1,2.9546903971310776,-0.6285952381420423,0.31974944470196637,6.132669655808409,8,0.25,2.9750820186001685,-0.026349104022001302,0.9657856990975253,6.1609568693763475
AVGO,retest,short,3.0,B (thin),1,0.0,0.0,-1.0100872497806122,0.0,0.0,0,0.0,0.0,0.0,0.0,0.0
TSLA,pullback,long,3.0,B (thin),0,0.0,0.0,0.0,0.0,0.0,0,0.0,0.0,0.0,0.0,0.0
TSLA,pullback,short,3.0,B (thin),0,0.0,0.0,0.0,0.0,0.0,1,0.0,0.0,-1.0330628666272565,0.0,0.0
TSLA,breakout,long,3.0,B (thin),0,0.0,0.0,0.0,0.0,0.0,0,0.0,0.0,0.0,0.0,0.0
TSLA,breakout,short,3.0,B (thin),0,0.0,0.0,0.0,0.0,0.0,0,0.0,0.0,0.0,0.0,0.0
TSLA,retest,long,3.0,B (thin),5,0.6,2.3594692236336123,1.0077850204676857,3.4706879970493048,2.0394825685624083,2,0.0,0.0,-1.013271082656196,0.0,1.0071226537061615
TSLA,retest,short,3.0,B (thin),1,0.0,0.0,-1.0152076562348562,0.0,0.0,3,0.3333333333333333,2.213143240433836,0.05365435889360182,1.078435158629755,1.0462964037654985
MU,pullback,long,3.0,B (thin),0,0.0,0.0,0.0,0.0,0.0,2,0.5,2.6839459705659405,0.8244547499888526,2.593093139066483,0.0
MU,pullback,short,3.0,B (thin),0,0.0,0.0,0.0,0.0,0.0,0,0.0,0.0,0.0,0.0,0.0
MU,breakout,long,3.0,B (thin),1,0.0,0.0,-1.0271752543362234,0.0,0.0,0,0.0,0.0,0.0,0.0,0.0
MU,breakout,short,3.0,B (thin),0,0.0,0.0,0.0,0.0,0.0,0,0.0,0.0,0.0,0.0,0.0
MU,retest,long,3.0,B (thin),3,0.6666666666666666,2.9896493840298834,1.6525369132668268,5.852372351124707,1.0216880282592866,4,0.25,2.980408253241134,-0.019330987959610746,0.9747119935127116,2.0490847396417893
MU,retest,short,3.0,B (thin),0,0.0,0.0,0.0,0.0,0.0,0,0.0,0.0,0.0,0.0,0.0
BRK-B,pullback,long,3.0,B (thin),2,0.0,0.0,-1.0635945247441554,0.0,1.074544272996497,0,0.0,0.0,0.0,0.0,0.0
BRK-B,pullback,short,3.0,B (thin),1,1.0,2.9442569579176303,2.9442569579176303,99.0,0.0,0,0.0,0.0,0.0,0.0,0.0
BRK-B,breakout,long,3.0,B (thin),0,0.0,0.0,0.0,0.0,0.0,0,0.0,0.0,0.0,0.0,0.0
BRK-B,breakout,short,3.0,B (thin),0,0.0,0.0,0.0,0.0,0.0,0,0.0,0.0,0.0,0.0,0.0
BRK-B,retest,long,3.0,B (thin),7,0.14285714285714285,2.879398938649108,-0.4785022578151997,0.4622633407722611,5.19745854457311,4,0.5,2.883866600896069,0.8910363014768259,2.617428127473596,1.1223448045983826
BRK-B,retest,short,3.0,B (thin),10,0.2,2.9479903328433528,-0.24826339929055247,0.7036939763831249,4.174411646269951,1,0.0,0.0,-1.0378642181842725,0.0,0.0
LLY,pullback,long,3.0,B (thin),0,0.0,0.0,0.0,0.0,0.0,0,0.0,0.0,0.0,0.0,0.0
LLY,pullback,short,3.0,B (thin),0,0.0,0.0,0.0,0.0,0.0,0,0.0,0.0,0.0,0.0,0.0
LLY,breakout,long,3.0,B (thin),0,0.0,0.0,0.0,0.0,0.0,0,0.0,0.0,0.0,0.0,0.0
LLY,breakout,short,3.0,B (thin),0,0.0,0.0,0.0,0.0,0.0,0,0.0,0.0,0.0,0.0,0.0
LLY,retest,long,3.0,B (thin),9,0.2222222222222222,2.9778985642846783,-0.13103561231775113,0.8347160382692558,7.135117639429116,3,0.3333333333333333,2.987447747673353,0.31589531586088193,1.4646061846733784,2.039761800090707
LLY,retest,short,3.0,B (thin),1,1.0,2.9275377130650284,2.9275377130650284,99.0,0.0,0,0.0,0.0,0.0,0.0,0.0
JPM,pullback,long,3.0,B (thin),1,0.0,0.0,-1.0606828018383856,0.0,0.0,0,0.0,0.0,0.0,0.0,0.0
JPM,pullback,short,3.0,B (thin),0,0.0,0.0,0.0,0.0,0.0,0,0.0,0.0,0.0,0.0,0.0
JPM,breakout,long,3.0,B (thin),0,0.0,0.0,0.0,0.0,0.0,0,0.0,0.0,0.0,0.0,0.0
JPM,breakout,short,3.0,B (thin),0,0.0,0.0,0.0,0.0,0.0,0,0.0,0.0,0.0,0.0,0.0
JPM,retest,long,3.0,B (thin),10,0.3,2.583771260085028,0.040120464178921414,1.0545848550315478,3.197851334253868,4,0.25,0.7535515747996159,-0.6126279084434667,0.23518623876809008,2.143337037432002
JPM,retest,short,3.0,B (thin),1,0.0,0.0,-1.0434145957982421,0.0,0.0,2,0.0,0.0,-1.0221991098874201,0.0,1.0224750932719777
WMT,pullback,long,3.0,B (thin),1,0.0,0.0,-1.0408904450729295,0.0,0.0,0,0.0,0.0,0.0,0.0,0.0
WMT,pullback,short,3.0,B (thin),0,0.0,0.0,0.0,0.0,0.0,0,0.0,0.0,0.0,0.0,0.0
WMT,breakout,long,3.0,B (thin),0,0.0,0.0,0.0,0.0,0.0,0,0.0,0.0,0.0,0.0,0.0
WMT,breakout,short,3.0,B (thin),0,0.0,0.0,0.0,0.0,0.0,0,0.0,0.0,0.0,0.0,0.0
WMT,retest,long,3.0,B (thin),11,0.2727272727272727,1.6386140293927076,-0.320646352170623,0.582242100899225,5.282354799759252,1,0.0,0.0,-1.0245607893619837,0.0,0.0
WMT,retest,short,3.0,B (thin),0,0.0,0.0,0.0,0.0,0.0,1,0.0,0.0,-0.3550593164644525,0.0,0.0
AMD,pullback,long,3.0,B (thin),0,0.0,0.0,0.0,0.0,0.0,1,0.0,0.0,-1.0120677872746133,0.0,0.0
AMD,pullback,short,3.0,B (thin),0,0.0,0.0,0.0,0.0,0.0,0,0.0,0.0,0.0,0.0,0.0
AMD,breakout,long,3.0,B (thin),0,0.0,0.0,0.0,0.0,0.0,0,0.0,0.0,0.0,0.0,0.0
AMD,breakout,short,3.0,B (thin),0,0.0,0.0,0.0,0.0,0.0,0,0.0,0.0,0.0,0.0,0.0
AMD,retest,long,3.0,B (thin),7,0.42857142857142855,2.988658833873742,0.6965474276087595,2.1920928425133948,2.0272916862191463,5,0.2,1.1321111057624325,-0.583200292726408,0.27966393877524426,4.048112569394473
AMD,retest,short,3.0,B (thin),0,0.0,0.0,0.0,0.0,0.0,0,0.0,0.0,0.0,0.0,0.0
V,pullback,long,3.0,B (thin),0,0.0,0.0,0.0,0.0,0.0,0,0.0,0.0,0.0,0.0,0.0
V,pullback,short,3.0,B (thin),1,0.0,0.0,-1.0817859340014064,0.0,0.0,0,0.0,0.0,0.0,0.0,0.0
V,breakout,long,3.0,B (thin),1,0.0,0.0,-1.057369898433073,0.0,0.0,0,0.0,0.0,0.0,0.0,0.0
V,breakout,short,3.0,B (thin),0,0.0,0.0,0.0,0.0,0.0,0,0.0,0.0,0.0,0.0,0.0
V,retest,long,3.0,B (thin),4,0.0,0.0,-0.8494931053044084,0.0,2.3721693664817822,2,0.5,2.9706379613313514,0.9717474343710144,2.892136434313818,0.0
V,retest,short,3.0,B (thin),8,0.25,1.868340700890019,-0.3079417056227951,0.6026696451006552,2.3139379209420703,1,0.0,0.0,-1.0316807698589945,0.0,0.0
JNJ,pullback,long,3.0,B (thin),2,0.0,0.0,-1.117625563835928,0.0,1.1419876625761427,0,0.0,0.0,0.0,0.0,0.0
JNJ,pullback,short,3.0,B (thin),0,0.0,0.0,0.0,0.0,0.0,0,0.0,0.0,0.0,0.0,0.0
JNJ,breakout,long,3.0,B (thin),0,0.0,0.0,0.0,0.0,0.0,0,0.0,0.0,0.0,0.0,0.0
JNJ,breakout,short,3.0,B (thin),0,0.0,0.0,0.0,0.0,0.0,0,0.0,0.0,0.0,0.0,0.0
JNJ,retest,long,3.0,B (thin),8,0.25,2.9756675656886458,-0.031267637161622536,0.9596642657216771,3.2193561416916876,6,0.5,2.9644054420281893,0.9609288206633092,2.8434240041879373,1.041940771416566
JNJ,retest,short,3.0,B (thin),0,0.0,0.0,0.0,0.0,0.0,0,0.0,0.0,0.0,0.0,0.0
XOM,pullback,long,3.0,B (thin),3,0.3333333333333333,2.93301748199349,0.2557504393935764,1.354263230722013,1.1098493112368872,0,0.0,0.0,0.0,0.0,0.0
XOM,pullback,short,3.0,B (thin),0,0.0,0.0,0.0,0.0,0.0,0,0.0,0.0,0.0,0.0,0.0
XOM,breakout,long,3.0,B (thin),0,0.0,0.0,0.0,0.0,0.0,0,0.0,0.0,0.0,0.0,0.0
XOM,breakout,short,3.0,B (thin),0,0.0,0.0,0.0,0.0,0.0,0,0.0,0.0,0.0,0.0,0.0
XOM,retest,long,3.0,B (thin),13,0.38461538461538464,2.9482417930810607,0.4857367597571052,1.749359715700957,4.440804335790221,5,0.2,2.9819016933907307,-0.23886339501152873,0.7140195306149095,2.1089160396037427
XOM,retest,short,3.0,B (thin),0,0.0,0.0,0.0,0.0,0.0,0,0.0,0.0,0.0,0.0,0.0
MA,pullback,long,3.0,B (thin),0,0.0,0.0,0.0,0.0,0.0,0,0.0,0.0,0.0,0.0,0.0
MA,pullback,short,3.0,B (thin),0,0.0,0.0,0.0,0.0,0.0,3,0.3333333333333333,2.9596858004456834,0.2801592526710402,1.3965999284564654,2.1192080424325628
MA,breakout,long,3.0,B (thin),0,0.0,0.0,0.0,0.0,0.0,0,0.0,0.0,0.0,0.0,0.0
MA,breakout,short,3.0,B (thin),1,0.0,0.0,-1.019671084186195,0.0,0.0,0,0.0,0.0,0.0,0.0,0.0
MA,retest,long,3.0,B (thin),7,0.0,0.0,-1.0668823044698592,0.0,6.4187232828345255,0,0.0,0.0,0.0,0.0,0.0
MA,retest,short,3.0,B (thin),6,0.3333333333333333,2.9707502438981077,0.30009235671249346,1.4348170657542476,2.077620134790953,4,0.25,1.04781676745287,-0.5216534046516759,0.3342925630484731,3.1344303860595737
INTC,pullback,long,3.0,B (thin),0,0.0,0.0,0.0,0.0,0.0,0,0.0,0.0,0.0,0.0,0.0
INTC,pullback,short,3.0,B (thin),0,0.0,0.0,0.0,0.0,0.0,0,0.0,0.0,0.0,0.0,0.0
INTC,breakout,long,3.0,B (thin),0,0.0,0.0,0.0,0.0,0.0,0,0.0,0.0,0.0,0.0,0.0
INTC,breakout,short,3.0,B (thin),0,0.0,0.0,0.0,0.0,0.0,0,0.0,0.0,0.0,0.0,0.0
INTC,retest,long,3.0,B (thin),8,0.125,2.972500011219693,-0.5182108694875016,0.4175922921033475,4.051803108383259,3,0.0,0.0,-1.0118742552765194,0.0,2.023241356909545
INTC,retest,short,3.0,B (thin),0,0.0,0.0,0.0,0.0,0.0,0,0.0,0.0,0.0,0.0,0.0
ORCL,pullback,long,3.0,B (thin),0,0.0,0.0,0.0,0.0,0.0,0,0.0,0.0,0.0,0.0,0.0
ORCL,pullback,short,3.0,B (thin),1,0.0,0.0,-1.0363428711736238,0.0,0.0,0,0.0,0.0,0.0,0.0,0.0
ORCL,breakout,long,3.0,B (thin),0,0.0,0.0,0.0,0.0,0.0,0,0.0,0.0,0.0,0.0,0.0
ORCL,breakout,short,3.0,B (thin),0,0.0,0.0,0.0,0.0,0.0,0,0.0,0.0,0.0,0.0,0.0
ORCL,retest,long,3.0,B (thin),4,0.25,2.970968588443487,-0.02757320444033956,0.9642053032114517,1.0303072486445475,0,0.0,0.0,0.0,0.0,0.0
ORCL,retest,short,3.0,B (thin),4,0.5,2.984892590582192,0.9774776010970049,2.8981301428948507,1.0477800660688943,3,0.0,0.0,-1.0177616395971418,0.0,2.0408923469739344
ABBV,pullback,long,3.0,B (thin),0,0.0,0.0,0.0,0.0,0.0,1,1.0,2.9371461743577347,2.9371461743577347,99.0,0.0
ABBV,pullback,short,3.0,B (thin),0,0.0,0.0,0.0,0.0,0.0,0,0.0,0.0,0.0,0.0,0.0
ABBV,breakout,long,3.0,B (thin),0,0.0,0.0,0.0,0.0,0.0,0,0.0,0.0,0.0,0.0,0.0
ABBV,breakout,short,3.0,B (thin),0,0.0,0.0,0.0,0.0,0.0,0,0.0,0.0,0.0,0.0,0.0
ABBV,retest,long,3.0,B (thin),9,0.0,0.0,-0.9272743095818216,0.0,8.291548103089971,3,0.6666666666666666,2.9438272697958463,1.6182728763194458,5.700474275706842,1.032835910633355
ABBV,retest,short,3.0,B (thin),3,0.3333333333333333,2.906421011704775,0.27177642883182634,1.3899060364814333,2.0910917252092958,0,0.0,0.0,0.0,0.0,0.0
BAC,pullback,long,3.0,B (thin),1,0.0,0.0,-1.027073770735747,0.0,0.0,0,0.0,0.0,0.0,0.0,0.0
BAC,pullback,short,3.0,B (thin),0,0.0,0.0,0.0,0.0,0.0,1,0.0,0.0,-1.0349109826853151,0.0,0.0
BAC,breakout,long,3.0,B (thin),0,0.0,0.0,0.0,0.0,0.0,0,0.0,0.0,0.0,0.0,0.0
BAC,breakout,short,3.0,B (thin),0,0.0,0.0,0.0,0.0,0.0,0,0.0,0.0,0.0,0.0,0.0
BAC,retest,long,3.0,B (thin),4,0.25,2.9574999282370147,-0.03167554722028065,0.9589189735076401,2.0571283463823904,3,0.6666666666666666,1.607037904688455,0.7262239550165422,3.1041757441489564,0.0
BAC,retest,short,3.0,B (thin),1,0.0,0.0,-1.038150959517907,0.0,0.0,1,0.0,0.0,-1.0183165038780981,0.0,0.0
CSCO,pullback,long,3.0,B (thin),2,0.5,2.953492874991754,0.9562985010784698,2.8374527674397463,1.0408958728348143,0,0.0,0.0,0.0,0.0,0.0
CSCO,pullback,short,3.0,B (thin),0,0.0,0.0,0.0,0.0,0.0,0,0.0,0.0,0.0,0.0,0.0
CSCO,breakout,long,3.0,B (thin),0,0.0,0.0,0.0,0.0,0.0,0,0.0,0.0,0.0,0.0,0.0
CSCO,breakout,short,3.0,B (thin),0,0.0,0.0,0.0,0.0,0.0,0,0.0,0.0,0.0,0.0,0.0
CSCO,retest,long,3.0,B (thin),11,0.36363636363636365,2.581093296876493,0.27306352498967607,1.4103035602442031,4.142370161761155,5,0.2,2.9727142662515305,-0.22275026745947318,0.7274536371161114,2.050593926613849
CSCO,retest,short,3.0,B (thin),0,0.0,0.0,0.0,0.0,0.0,0,0.0,0.0,0.0,0.0,0.0
PLTR,pullback,long,3.0,B (thin),1,0.0,0.0,-1.02487988390577,0.0,0.0,0,0.0,0.0,0.0,0.0,0.0
PLTR,pullback,short,3.0,B (thin),2,0.0,0.0,-1.0329044729783474,0.0,1.0261721519927764,1,0.0,0.0,-1.049164311416794,0.0,0.0
PLTR,breakout,long,3.0,B (thin),0,0.0,0.0,0.0,0.0,0.0,0,0.0,0.0,0.0,0.0,0.0
PLTR,breakout,short,3.0,B (thin),1,0.0,0.0,-1.0271758576535162,0.0,0.0,0,0.0,0.0,0.0,0.0,0.0
PLTR,retest,long,3.0,B (thin),6,0.5,2.985754616195932,0.985760502976564,2.943852960543433,1.0230865065628159,0,0.0,0.0,0.0,0.0,0.0
PLTR,retest,short,3.0,B (thin),1,0.0,0.0,-1.0131187112355233,0.0,0.0,4,0.5,1.8100139264878734,0.40008394625079,1.7923662276941128,2.0196920679725867
CVX,pullback,long,3.0,B (thin),2,0.0,0.0,-1.0549673084233642,0.0,1.0473421575098698,1,0.0,0.0,-1.0582825786047183,0.0,0.0
CVX,pullback,short,3.0,B (thin),0,0.0,0.0,0.0,0.0,0.0,0,0.0,0.0,0.0,0.0,0.0
CVX,breakout,long,3.0,B (thin),0,0.0,0.0,0.0,0.0,0.0,0,0.0,0.0,0.0,0.0,0.0
CVX,breakout,short,3.0,B (thin),0,0.0,0.0,0.0,0.0,0.0,0,0.0,0.0,0.0,0.0,0.0
CVX,retest,long,3.0,B (thin),8,0.125,2.9158341805099357,-0.5633934777678016,0.3928117001318422,5.359962930381969,4,0.25,2.9578708759076346,-0.048243646529580686,0.9387546649164309,2.1209752627464518
CVX,retest,short,3.0,B (thin),0,0.0,0.0,0.0,0.0,0.0,0,0.0,0.0,0.0,0.0,0.0
COST,pullback,long,3.0,B (thin),0,0.0,0.0,0.0,0.0,0.0,0,0.0,0.0,0.0,0.0,0.0
COST,pullback,short,3.0,B (thin),1,1.0,2.9530942659269446,2.9530942659269446,99.0,0.0,1,1.0,2.9124441147602016,2.9124441147602016,99.0,0.0
COST,breakout,long,3.0,B (thin),0,0.0,0.0,0.0,0.0,0.0,0,0.0,0.0,0.0,0.0,0.0
COST,breakout,short,3.0,B (thin),0,0.0,0.0,0.0,0.0,0.0,0,0.0,0.0,0.0,0.0,0.0
COST,retest,long,3.0,B (thin),3,0.6666666666666666,2.4858869967356876,1.3194983837995045,4.906619764506902,0.0,2,0.0,0.0,-1.0315160079137415,0.0,1.0241344206390848
COST,retest,short,3.0,B (thin),3,0.6666666666666666,0.9026318616965469,0.25839317743902285,1.752539975890045,1.0300841910760252,4,0.25,2.9427851764549406,-0.05960711248481332,0.9250511037796904,2.1612061854446045
LRCX,pullback,long,3.0,B (thin),0,0.0,0.0,0.0,0.0,0.0,0,0.0,0.0,0.0,0.0,0.0
LRCX,pullback,short,3.0,B (thin),0,0.0,0.0,0.0,0.0,0.0,0,0.0,0.0,0.0,0.0,0.0
LRCX,breakout,long,3.0,B (thin),1,0.0,0.0,-1.019728314220236,0.0,0.0,0,0.0,0.0,0.0,0.0,0.0
LRCX,breakout,short,3.0,B (thin),0,0.0,0.0,0.0,0.0,0.0,0,0.0,0.0,0.0,0.0,0.0
LRCX,retest,long,3.0,B (thin),6,0.5,2.985989427373547,0.9860084313082149,2.9448424258784547,3.041917694271351,4,0.25,2.9923572084510055,-0.014140163489945234,0.9814489413909437,3.0489178624107867
LRCX,retest,short,3.0,B (thin),0,0.0,0.0,0.0,0.0,0.0,0,0.0,0.0,0.0,0.0,0.0
KO,pullback,long,3.0,B (thin),2,0.5,2.912500328927645,0.9074516456226145,2.6535242251358566,0.0,0,0.0,0.0,0.0,0.0,0.0
KO,pullback,short,3.0,B (thin),0,0.0,0.0,0.0,0.0,0.0,0,0.0,0.0,0.0,0.0,0.0
KO,breakout,long,3.0,B (thin),0,0.0,0.0,0.0,0.0,0.0,0,0.0,0.0,0.0,0.0,0.0
KO,breakout,short,3.0,B (thin),0,0.0,0.0,0.0,0.0,0.0,0,0.0,0.0,0.0,0.0,0.0
KO,retest,long,3.0,B (thin),9,0.1111111111111111,2.9744963891873013,-0.6249147617336118,0.3459227874850956,4.5661400206137435,2,1.0,2.974701046963636,2.974701046963636,99.0,0.0
KO,retest,short,3.0,B (thin),2,0.0,0.0,-1.0407026812930007,0.0,1.0372120282472888,0,0.0,0.0,0.0,0.0,0.0
CAT,pullback,long,3.0,B (thin),2,0.5,2.937841711229402,0.9227637869468026,2.6895575281987374,1.092314137335797,1,1.0,2.958883005967721,2.958883005967721,99.0,0.0
CAT,pullback,short,3.0,B (thin),0,0.0,0.0,0.0,0.0,0.0,0,0.0,0.0,0.0,0.0,0.0
CAT,breakout,long,3.0,B (thin),0,0.0,0.0,0.0,0.0,0.0,1,0.0,0.0,-1.0268669565233601,0.0,0.0
CAT,breakout,short,3.0,B (thin),0,0.0,0.0,0.0,0.0,0.0,0,0.0,0.0,0.0,0.0,0.0
CAT,retest,long,3.0,B (thin),8,0.5,2.973525949842326,0.9678619957741661,2.8652152041902106,1.0517324560002714,6,0.5,2.970423641438797,0.9706173846679672,2.8861793223332852,2.075610378357087
CAT,retest,short,3.0,B (thin),0,0.0,0.0,0.0,0.0,0.0,0,0.0,0.0,0.0,0.0,0.0
MRK,pullback,long,3.0,B (thin),1,1.0,2.9562136363815914,2.9562136363815914,99.0,0.0,0,0.0,0.0,0.0,0.0,0.0
MRK,pullback,short,3.0,B (thin),0,0.0,0.0,0.0,0.0,0.0,0,0.0,0.0,0.0,0.0,0.0
MRK,breakout,long,3.0,B (thin),0,0.0,0.0,0.0,0.0,0.0,0,0.0,0.0,0.0,0.0,0.0
MRK,breakout,short,3.0,B (thin),0,0.0,0.0,0.0,0.0,0.0,0,0.0,0.0,0.0,0.0,0.0
MRK,retest,long,3.0,B (thin),6,0.5,2.9592267028895183,0.9682665749304107,2.8935615112912325,2.0419303066450833,5,0.6,2.9595174794600716,1.3637182041321316,4.31005763603527,1.0327979180765123
MRK,retest,short,3.0,B (thin),2,0.0,0.0,-1.0144740863441535,0.0,1.0114542909524826,0,0.0,0.0,0.0,0.0,0.0
AMAT,pullback,long,3.0,B (thin),0,0.0,0.0,0.0,0.0,0.0,0,0.0,0.0,0.0,0.0,0.0
AMAT,pullback,short,3.0,B (thin),0,0.0,0.0,0.0,0.0,0.0,0,0.0,0.0,0.0,0.0,0.0
AMAT,breakout,long,3.0,B (thin),1,1.0,2.9880375464926736,2.9880375464926736,99.0,0.0,0,0.0,0.0,0.0,0.0,0.0
AMAT,breakout,short,3.0,B (thin),0,0.0,0.0,0.0,0.0,0.0,0,0.0,0.0,0.0,0.0,0.0
AMAT,retest,long,3.0,B (thin),10,0.4,2.9854757725340395,0.5803733145658034,1.9455152265503908,3.14934374720725,4,0.25,2.969355424777221,-0.026558322419656055,0.9654592016223406,3.0755887144558454
AMAT,retest,short,3.0,B (thin),0,0.0,0.0,0.0,0.0,0.0,0,0.0,0.0,0.0,0.0,0.0
UNH,pullback,long,3.0,B (thin),0,0.0,0.0,0.0,0.0,0.0,0,0.0,0.0,0.0,0.0,0.0
UNH,pullback,short,3.0,B (thin),1,0.0,0.0,-1.0548353422763619,0.0,0.0,0,0.0,0.0,0.0,0.0,0.0
UNH,breakout,long,3.0,B (thin),0,0.0,0.0,0.0,0.0,0.0,0,0.0,0.0,0.0,0.0,0.0
UNH,breakout,short,3.0,B (thin),0,0.0,0.0,0.0,0.0,0.0,0,0.0,0.0,0.0,0.0,0.0
UNH,retest,long,3.0,B (thin),1,0.0,0.0,-1.0153605594512054,0.0,0.0,2,0.0,0.0,-1.039574055489107,0.0,1.0634953593815095
UNH,retest,short,3.0,B (thin),11,0.18181818181818182,2.9745773407833,-0.3077438802808797,0.6373408683612186,9.334337364656276,0,0.0,0.0,0.0,0.0,0.0
GE,pullback,long,3.0,B (thin),0,0.0,0.0,0.0,0.0,0.0,0,0.0,0.0,0.0,0.0,0.0
GE,pullback,short,3.0,B (thin),0,0.0,0.0,0.0,0.0,0.0,0,0.0,0.0,0.0,0.0,0.0
GE,breakout,long,3.0,B (thin),0,0.0,0.0,0.0,0.0,0.0,0,0.0,0.0,0.0,0.0,0.0
GE,breakout,short,3.0,B (thin),0,0.0,0.0,0.0,0.0,0.0,0,0.0,0.0,0.0,0.0,0.0
GE,retest,long,3.0,B (thin),6,0.3333333333333333,2.975053005250695,0.31045016118315294,1.4557172453719815,3.0673538679121988,5,0.4,2.982598098362469,0.5724441674915945,1.922411719741833,2.0762016870268756
GE,retest,short,3.0,B (thin),2,0.5,2.9600230590079786,0.9759328389001474,2.936072397210574,0.0,0,0.0,0.0,0.0,0.0,0.0
MS,pullback,long,3.0,B (thin),1,1.0,2.9430781553988634,2.9430781553988634,99.0,0.0,1,0.0,0.0,-1.0463516826689943,0.0,0.0
MS,pullback,short,3.0,B (thin),0,0.0,0.0,0.0,0.0,0.0,0,0.0,0.0,0.0,0.0,0.0
MS,breakout,long,3.0,B (thin),1,0.0,0.0,-1.0278874832236424,0.0,0.0,0,0.0,0.0,0.0,0.0,0.0
MS,breakout,short,3.0,B (thin),0,0.0,0.0,0.0,0.0,0.0,0,0.0,0.0,0.0,0.0,0.0
MS,retest,long,3.0,B (thin),10,0.2,2.9814128908771447,-0.2310541927358325,0.7207253432222764,6.129844306686149,7,0.14285714285714285,2.954411565064398,-0.4790653214663359,0.46836921495337436,6.307868815328749
MS,retest,short,3.0,B (thin),0,0.0,0.0,0.0,0.0,0.0,0,0.0,0.0,0.0,0.0,0.0
PG,pullback,long,3.0,B (thin),0,0.0,0.0,0.0,0.0,0.0,0,0.0,0.0,0.0,0.0,0.0
PG,pullback,short,3.0,B (thin),2,0.5,2.831313859856156,0.8906068772336515,2.6962323356854805,0.0,1,0.0,0.0,-1.0367051842639123,0.0,0.0
PG,breakout,long,3.0,B (thin),0,0.0,0.0,0.0,0.0,0.0,0,0.0,0.0,0.0,0.0,0.0
PG,breakout,short,3.0,B (thin),0,0.0,0.0,0.0,0.0,0.0,0,0.0,0.0,0.0,0.0,0.0
PG,retest,long,3.0,B (thin),0,0.0,0.0,0.0,0.0,0.0,6,0.16666666666666666,2.882817286376824,-0.22656498875344214,0.6795559805600563,2.1286334759040395
PG,retest,short,3.0,B (thin),10,0.3,2.109959127643807,-0.11134473535039735,0.8504099454302187,3.102385533971855,4,0.0,0.0,-1.0415876807400029,0.0,3.1384838867659104
DELL,pullback,long,3.0,B (thin),0,0.0,0.0,0.0,0.0,0.0,0,0.0,0.0,0.0,0.0,0.0
DELL,pullback,short,3.0,B (thin),1,0.0,0.0,-1.0194002932116017,0.0,0.0,0,0.0,0.0,0.0,0.0,0.0
DELL,breakout,long,3.0,B (thin),0,0.0,0.0,0.0,0.0,0.0,0,0.0,0.0,0.0,0.0,0.0
DELL,breakout,short,3.0,B (thin),0,0.0,0.0,0.0,0.0,0.0,0,0.0,0.0,0.0,0.0,0.0
DELL,retest,long,3.0,B (thin),3,0.3333333333333333,2.9640168297772336,0.3007103291096897,1.437527126263174,2.0618858424481648,4,0.75,1.2612161098313268,0.6925771440274902,3.733839827026021,1.01333975338402
DELL,retest,short,3.0,B (thin),3,0.0,0.0,-1.011397674045814,0.0,2.019605350717238,0,0.0,0.0,0.0,0.0,0.0
NFLX,pullback,long,3.0,B (thin),0,0.0,0.0,0.0,0.0,0.0,0,0.0,0.0,0.0,0.0,0.0
NFLX,pullback,short,3.0,B (thin),0,0.0,0.0,0.0,0.0,0.0,0,0.0,0.0,0.0,0.0,0.0
NFLX,breakout,long,3.0,B (thin),0,0.0,0.0,0.0,0.0,0.0,0,0.0,0.0,0.0,0.0,0.0
NFLX,breakout,short,3.0,B (thin),1,1.0,2.9796445718635662,2.9796445718635662,99.0,0.0,0,0.0,0.0,0.0,0.0,0.0
NFLX,retest,long,3.0,B (thin),5,0.0,0.0,-1.0220853556783667,0.0,4.082541383363323,0,0.0,0.0,0.0,0.0,0.0
NFLX,retest,short,3.0,B (thin),3,0.3333333333333333,2.9833832153136277,0.317959280609867,1.4700050831558484,1.011385280413395,2,0.5,2.978604392771357,0.9718094241302407,2.8779188352616245,1.0349855445108755
HD,pullback,long,3.0,B (thin),0,0.0,0.0,0.0,0.0,0.0,1,0.0,0.0,-1.0583338549719772,0.0,0.0
HD,pullback,short,3.0,B (thin),0,0.0,0.0,0.0,0.0,0.0,0,0.0,0.0,0.0,0.0,0.0
HD,breakout,long,3.0,B (thin),0,0.0,0.0,0.0,0.0,0.0,0,0.0,0.0,0.0,0.0,0.0
HD,breakout,short,3.0,B (thin),0,0.0,0.0,0.0,0.0,0.0,0,0.0,0.0,0.0,0.0,0.0
HD,retest,long,3.0,B (thin),1,0.0,0.0,-1.030237358130466,0.0,0.0,1,0.0,0.0,-1.0583338549719772,0.0,0.0
HD,retest,short,3.0,B (thin),3,0.3333333333333333,2.961817126672999,0.30460813464786546,1.4462049077624277,1.01895228208389,6,0.16666666666666666,2.9645752206931246,-0.3754145482306179,0.5682460608756373,4.187256809905552
GS,pullback,long,3.0,B (thin),1,0.0,0.0,-1.0286402001975912,0.0,0.0,1,0.0,0.0,-1.0239033089054796,0.0,0.0
GS,pullback,short,3.0,B (thin),0,0.0,0.0,0.0,0.0,0.0,0,0.0,0.0,0.0,0.0,0.0
GS,breakout,long,3.0,B (thin),0,0.0,0.0,0.0,0.0,0.0,0,0.0,0.0,0.0,0.0,0.0
GS,breakout,short,3.0,B (thin),0,0.0,0.0,0.0,0.0,0.0,0,0.0,0.0,0.0,0.0,0.0
GS,retest,long,3.0,B,11,0.09090909090909091,1.256461291908611,-0.825701083728832,0.12152434880748648,8.262518335809423,8,0.125,2.981238274771642,-0.5285943397341855,0.4134869864385149,7.209992992645125
GS,retest,short,3.0,B (thin),0,0.0,0.0,0.0,0.0,0.0,0,0.0,0.0,0.0,0.0,0.0
PM,pullback,long,3.0,B (thin),0,0.0,0.0,0.0,0.0,0.0,2,0.0,0.0,-1.0379179085598724,0.0,1.0416745159183893
PM,pullback,short,3.0,B (thin),1,0.0,0.0,-1.0446744953980813,0.0,0.0,0,0.0,0.0,0.0,0.0,0.0
PM,breakout,long,3.0,B (thin),0,0.0,0.0,0.0,0.0,0.0,0,0.0,0.0,0.0,0.0,0.0
PM,breakout,short,3.0,B (thin),0,0.0,0.0,0.0,0.0,0.0,0,0.0,0.0,0.0,0.0,0.0
PM,retest,long,3.0,B,5,0.2,2.989640875484245,-0.22703003246712994,0.7247981408203362,3.0938058162611717,8,0.125,2.9821807000551344,-0.5404488665805899,0.4081951708847854,3.2958873943349594
PM,retest,short,3.0,B (thin),6,0.0,0.0,-1.0230822022278683,0.0,5.1095209630900715,0,0.0,0.0,0.0,0.0,0.0
WFC,pullback,long,3.0,B (thin),0,0.0,0.0,0.0,0.0,0.0,0,0.0,0.0,0.0,0.0,0.0
WFC,pullback,short,3.0,B (thin),0,0.0,0.0,0.0,0.0,0.0,0,0.0,0.0,0.0,0.0,0.0
WFC,breakout,long,3.0,B (thin),1,0.0,0.0,-1.0272829259631995,0.0,0.0,0,0.0,0.0,0.0,0.0,0.0
WFC,breakout,short,3.0,B (thin),0,0.0,0.0,0.0,0.0,0.0,0,0.0,0.0,0.0,0.0,0.0
WFC,retest,long,3.0,B (thin),4,0.75,2.100454416108833,1.319971164653587,6.168864733721142,1.021478589712152,3,0.3333333333333333,2.440833487798134,0.1205244883839655,1.1738952613977198,1.0359132518269576
WFC,retest,short,3.0,B (thin),3,0.3333333333333333,2.973693468179024,0.30509015946061985,1.4446464516372555,1.0277122018622977,2,0.0,0.0,-1.0185627218487308,0.0,1.0134254221633376
PANW,pullback,long,3.0,B (thin),0,0.0,0.0,0.0,0.0,0.0,0,0.0,0.0,0.0,0.0,0.0
PANW,pullback,short,3.0,B (thin),0,0.0,0.0,0.0,0.0,0.0,0,0.0,0.0,0.0,0.0,0.0
PANW,breakout,long,3.0,B (thin),0,0.0,0.0,0.0,0.0,0.0,0,0.0,0.0,0.0,0.0,0.0
PANW,breakout,short,3.0,B (thin),1,0.0,0.0,-1.036377647172727,0.0,0.0,0,0.0,0.0,0.0,0.0,0.0
PANW,retest,long,3.0,B (thin),4,0.25,2.9754613831524557,-0.02367304559872757,0.9691571837130474,3.0701535655473657,2,0.5,2.986376896541499,0.9895872648553447,2.965021722435201,1.0072023668308099
PANW,retest,short,3.0,B (thin),3,0.6666666666666666,2.986013619742649,1.65515791630929,5.933144433464734,1.0065534905574278,0,0.0,0.0,0.0,0.0,0.0
RTX,pullback,long,3.0,B (thin),1,0.0,0.0,-1.0709691189322579,0.0,0.0,0,0.0,0.0,0.0,0.0,0.0
RTX,pullback,short,3.0,B (thin),0,0.0,0.0,0.0,0.0,0.0,0,0.0,0.0,0.0,0.0,0.0
RTX,breakout,long,3.0,B (thin),0,0.0,0.0,0.0,0.0,0.0,0,0.0,0.0,0.0,0.0,0.0
RTX,breakout,short,3.0,B (thin),0,0.0,0.0,0.0,0.0,0.0,0,0.0,0.0,0.0,0.0,0.0
RTX,retest,long,3.0,B (thin),7,0.42857142857142855,2.9628570211878835,0.6833962716743306,2.165410546028557,2.056074747270779,1,0.0,0.0,-1.0245082169841098,0.0,0.0
RTX,retest,short,3.0,B (thin),0,0.0,0.0,0.0,0.0,0.0,2,0.0,0.0,-1.0301570694706474,0.0,1.0203142588615877
SNDK,pullback,long,3.0,B (thin),0,0.0,0.0,0.0,0.0,0.0,0,0.0,0.0,0.0,0.0,0.0
SNDK,pullback,short,3.0,B (thin),0,0.0,0.0,0.0,0.0,0.0,0,0.0,0.0,0.0,0.0,0.0
SNDK,breakout,long,3.0,B (thin),0,0.0,0.0,0.0,0.0,0.0,0,0.0,0.0,0.0,0.0,0.0
SNDK,breakout,short,3.0,B (thin),0,0.0,0.0,0.0,0.0,0.0,0,0.0,0.0,0.0,0.0,0.0
SNDK,retest,long,3.0,B (thin),2,0.5,1.5512396853706187,0.26909101189957596,1.5312452037175432,0.0,4,0.25,1.8193436353637427,-0.3017066195623404,0.6012033583900319,2.0198978653830464
SNDK,retest,short,3.0,B (thin),0,0.0,0.0,0.0,0.0,0.0,0,0.0,0.0,0.0,0.0,0.0
GEV,pullback,long,3.0,B (thin),1,1.0,2.9662950132844443,2.9662950132844443,99.0,0.0,0,0.0,0.0,0.0,0.0,0.0
GEV,pullback,short,3.0,B (thin),0,0.0,0.0,0.0,0.0,0.0,0,0.0,0.0,0.0,0.0,0.0
GEV,breakout,long,3.0,B (thin),0,0.0,0.0,0.0,0.0,0.0,0,0.0,0.0,0.0,0.0,0.0
GEV,breakout,short,3.0,B (thin),0,0.0,0.0,0.0,0.0,0.0,0,0.0,0.0,0.0,0.0,0.0
GEV,retest,long,3.0,B (thin),10,0.4,2.5832437255075424,0.4232995020365683,1.693935898557527,3.0318804212858,5,0.2,2.9771451921552425,-0.22728218802217165,0.723740018715917,3.0953375806083425
GEV,retest,short,3.0,B (thin),0,0.0,0.0,0.0,0.0,0.0,0,0.0,0.0,0.0,0.0,0.0
ANET,pullback,long,3.0,B (thin),0,0.0,0.0,0.0,0.0,0.0,3,0.6666666666666666,2.9742126684406536,1.6311445749782891,5.638362684141699,1.0549916119464395
ANET,pullback,short,3.0,B (thin),0,0.0,0.0,0.0,0.0,0.0,0,0.0,0.0,0.0,0.0,0.0
ANET,breakout,long,3.0,B (thin),0,0.0,0.0,0.0,0.0,0.0,1,1.0,2.9834346492202304,2.9834346492202304,99.0,0.0
ANET,breakout,short,3.0,B (thin),1,0.0,0.0,-1.0163122157689566,0.0,0.0,0,0.0,0.0,0.0,0.0,0.0
ANET,retest,long,3.0,B (thin),7,0.14285714285714285,2.9906424281471855,-0.44632993711928065,0.48907046760543027,3.055698510175165,5,0.6,2.984893858349676,1.384257359777172,4.403808684876088,1.0177382112420104
ANET,retest,short,3.0,B (thin),0,0.0,0.0,0.0,0.0,0.0,0,0.0,0.0,0.0,0.0,0.0
KLAC,pullback,long,3.0,B (thin),1,1.0,2.9751479279783557,2.9751479279783557,99.0,0.0,0,0.0,0.0,0.0,0.0,0.0
KLAC,pullback,short,3.0,B (thin),0,0.0,0.0,0.0,0.0,0.0,0,0.0,0.0,0.0,0.0,0.0
KLAC,breakout,long,3.0,B (thin),0,0.0,0.0,0.0,0.0,0.0,0,0.0,0.0,0.0,0.0,0.0
KLAC,breakout,short,3.0,B (thin),0,0.0,0.0,0.0,0.0,0.0,0,0.0,0.0,0.0,0.0,0.0
KLAC,retest,long,3.0,B (thin),11,0.36363636363636365,2.9623585606354403,0.4257234643465043,1.653453387658262,4.0962441542330446,2,0.5,2.983806011858138,0.9737977792002867,2.8795366828253406,1.0362104534575647
KLAC,retest,short,3.0,B (thin),0,0.0,0.0,0.0,0.0,0.0,0,0.0,0.0,0.0,0.0,0.0
AMGN,pullback,long,3.0,B (thin),0,0.0,0.0,0.0,0.0,0.0,0,0.0,0.0,0.0,0.0,0.0
AMGN,pullback,short,3.0,B (thin),0,0.0,0.0,0.0,0.0,0.0,0,0.0,0.0,0.0,0.0,0.0
AMGN,breakout,long,3.0,B (thin),0,0.0,0.0,0.0,0.0,0.0,0,0.0,0.0,0.0,0.0,0.0
AMGN,breakout,short,3.0,B (thin),0,0.0,0.0,0.0,0.0,0.0,0,0.0,0.0,0.0,0.0,0.0
AMGN,retest,long,3.0,B (thin),10,0.2,2.6756146736866606,-0.28847613186863785,0.6497371796966205,4.8527852201816675,3,0.6666666666666666,2.6276710232576965,1.4116394394898657,5.150156647748527,0.0
AMGN,retest,short,3.0,B (thin),1,0.0,0.0,-1.0186497051433838,0.0,0.0,0,0.0,0.0,0.0,0.0,0.0
TXN,pullback,long,3.0,B (thin),0,0.0,0.0,0.0,0.0,0.0,1,0.0,0.0,-1.02942226040722,0.0,0.0
TXN,pullback,short,3.0,B (thin),0,0.0,0.0,0.0,0.0,0.0,0,0.0,0.0,0.0,0.0,0.0
TXN,breakout,long,3.0,B (thin),0,0.0,0.0,0.0,0.0,0.0,0,0.0,0.0,0.0,0.0,0.0
TXN,breakout,short,3.0,B (thin),1,0.0,0.0,-1.0460384034489045,0.0,0.0,0,0.0,0.0,0.0,0.0,0.0
TXN,retest,long,3.0,B (thin),1,1.0,2.9523812866919212,2.9523812866919212,99.0,0.0,4,0.25,2.986782048836989,-0.027765316291740172,0.9641488435955093,3.0978433140039496
TXN,retest,short,3.0,B (thin),1,0.0,0.0,-1.0325224604271324,0.0,0.0,0,0.0,0.0,0.0,0.0,0.0
C,pullback,long,3.0,B (thin),1,0.0,0.0,-1.0261517837763654,0.0,0.0,0,0.0,0.0,0.0,0.0,0.0
C,pullback,short,3.0,B (thin),0,0.0,0.0,0.0,0.0,0.0,0,0.0,0.0,0.0,0.0,0.0
C,breakout,long,3.0,B (thin),0,0.0,0.0,0.0,0.0,0.0,0,0.0,0.0,0.0,0.0,0.0
C,breakout,short,3.0,B (thin),0,0.0,0.0,0.0,0.0,0.0,0,0.0,0.0,0.0,0.0,0.0
C,retest,long,3.0,B (thin),12,0.25,2.9682629752156386,-0.02452487235620754,0.9680078625550448,3.07856382796294,5,0.4,2.2352930394945316,0.27504715329713847,1.4442908322623644,3.0953503125033706
C,retest,short,3.0,B (thin),0,0.0,0.0,0.0,0.0,0.0,0,0.0,0.0,0.0,0.0,0.0
