ticker,strategy,side,grade,train_n,train_win_rate,train_avg_win_R,train_expectancy_R,train_profit_factor,train_max_dd_R,test_n,test_win_rate,test_avg_win_R,test_expectancy_R,test_profit_factor,test_max_dd_R
NVDA,pullback,long,B (thin),2,0.5,1.9583547265674874,0.4622208473201077,1.8941193950491215,0.0,1,1.0,1.9762855168130777,1.9762855168130777,99.0,0.0
NVDA,pullback,short,B (thin),0,0.0,0.0,0.0,0.0,0.0,0,0.0,0.0,0.0,0.0,0.0
NVDA,breakout,long,B (thin),0,0.0,0.0,0.0,0.0,0.0,1,0.0,0.0,-1.060350288217203,0.0,0.0
NVDA,breakout,short,B (thin),0,0.0,0.0,0.0,0.0,0.0,0,0.0,0.0,0.0,0.0,0.0
NVDA,retest,long,B (thin),13,0.3076923076923077,1.9806487554389087,-0.03829739657981076,0.9408742413206417,4.372433719365598,4,0.5,1.455396780010343,0.21602515870003125,1.4221935905245804,1.0112836678703037
NVDA,retest,short,B (thin),0,0.0,0.0,0.0,0.0,0.0,0,0.0,0.0,0.0,0.0,0.0
AAPL,pullback,long,B (thin),0,0.0,0.0,0.0,0.0,0.0,0,0.0,0.0,0.0,0.0,0.0
AAPL,pullback,short,B (thin),0,0.0,0.0,0.0,0.0,0.0,0,0.0,0.0,0.0,0.0,0.0
AAPL,breakout,long,B (thin),0,0.0,0.0,0.0,0.0,0.0,0,0.0,0.0,0.0,0.0,0.0
AAPL,breakout,short,B (thin),0,0.0,0.0,0.0,0.0,0.0,0,0.0,0.0,0.0,0.0,0.0
AAPL,retest,long,B (thin),7,0.8571428571428571,1.9721203449122584,1.5396373249106148,11.213078439401965,1.0552607950992474,5,0.6,1.9663615154986618,0.7697172860425374,2.876903177647671,1.0219544155635847
AAPL,retest,short,B (thin),0,0.0,0.0,0.0,0.0,0.0,0,0.0,0.0,0.0,0.0,0.0
GOOGL,pullback,long,B (thin),0,0.0,0.0,0.0,0.0,0.0,0,0.0,0.0,0.0,0.0,0.0
GOOGL,pullback,short,B (thin),0,0.0,0.0,0.0,0.0,0.0,0,0.0,0.0,0.0,0.0,0.0
GOOGL,breakout,long,B (thin),0,0.0,0.0,0.0,0.0,0.0,0,0.0,0.0,0.0,0.0,0.0
GOOGL,breakout,short,B (thin),0,0.0,0.0,0.0,0.0,0.0,0,0.0,0.0,0.0,0.0,0.0
GOOGL,retest,long,B (thin),4,0.75,1.9756602218268118,1.2246125736884284,5.762572340272892,1.0285303707267226,6,0.0,0.0,-1.0241051078656407,0.0,5.114814019092478
GOOGL,retest,short,B (thin),0,0.0,0.0,0.0,0.0,0.0,0,0.0,0.0,0.0,0.0,0.0
GOOG,pullback,long,B (thin),0,0.0,0.0,0.0,0.0,0.0,0,0.0,0.0,0.0,0.0,0.0
GOOG,pullback,short,B (thin),0,0.0,0.0,0.0,0.0,0.0,0,0.0,0.0,0.0,0.0,0.0
GOOG,breakout,long,B (thin),0,0.0,0.0,0.0,0.0,0.0,0,0.0,0.0,0.0,0.0,0.0
GOOG,breakout,short,B (thin),0,0.0,0.0,0.0,0.0,0.0,0,0.0,0.0,0.0,0.0,0.0
GOOG,retest,long,B (thin),5,0.4,1.9720537316685292,0.17119956512984835,1.2771915268818497,3.0881096376878165,4,0.25,1.9562235918993187,-0.27560651875037384,0.6395709888152925,1.0164548167739673
GOOG,retest,short,B (thin),0,0.0,0.0,0.0,0.0,0.0,0,0.0,0.0,0.0,0.0,0.0
MSFT,pullback,long,B (thin),2,0.5,1.9471590520214705,0.435074892391892,1.807931566843008,1.0770092672376865,0,0.0,0.0,0.0,0.0,0.0
MSFT,pullback,short,B (thin),0,0.0,0.0,0.0,0.0,0.0,0,0.0,0.0,0.0,0.0,0.0
MSFT,breakout,long,B (thin),1,0.0,0.0,-1.0965071278603429,0.0,0.0,0,0.0,0.0,0.0,0.0,0.0
MSFT,breakout,short,B (thin),1,1.0,1.974293857705802,1.974293857705802,99.0,0.0,0,0.0,0.0,0.0,0.0,0.0
MSFT,retest,long,B (thin),5,0.2,1.9579511515331882,-0.4604531508903803,0.4595895454953253,4.260216905985089,0,0.0,0.0,0.0,0.0,0.0
MSFT,retest,short,B (thin),7,0.42857142857142855,1.9507470193542877,0.24610827477817374,1.417184879387469,2.0571644389882664,5,0.2,1.9838226397080163,-0.44069344051687465,0.4737724672581885,3.1241428409217034
AMZN,pullback,long,B (thin),1,1.0,1.8950706862421642,1.8950706862421642,99.0,0.0,0,0.0,0.0,0.0,0.0,0.0
AMZN,pullback,short,B (thin),0,0.0,0.0,0.0,0.0,0.0,0,0.0,0.0,0.0,0.0,0.0
AMZN,breakout,long,B (thin),0,0.0,0.0,0.0,0.0,0.0,0,0.0,0.0,0.0,0.0,0.0
AMZN,breakout,short,B (thin),0,0.0,0.0,0.0,0.0,0.0,0,0.0,0.0,0.0,0.0,0.0
AMZN,retest,long,B (thin),10,0.3,1.9621782448870044,-0.14399527619200292,0.8034593299187375,3.2333850434634193,5,0.2,1.9759580773964325,-0.43356038239863803,0.4768514784775196,4.143759989389623
AMZN,retest,short,B (thin),4,0.0,0.0,-1.0270421268553847,0.0,3.0825663218138044,0,0.0,0.0,0.0,0.0,0.0
AVGO,pullback,long,B (thin),1,0.0,0.0,-1.0474824355798829,0.0,0.0,0,0.0,0.0,0.0,0.0,0.0
AVGO,pullback,short,B (thin),1,1.0,1.9736014101953718,1.9736014101953718,99.0,0.0,0,0.0,0.0,0.0,0.0,0.0
AVGO,breakout,long,B (thin),0,0.0,0.0,0.0,0.0,0.0,0,0.0,0.0,0.0,0.0,0.0
AVGO,breakout,short,B (thin),0,0.0,0.0,0.0,0.0,0.0,0,0.0,0.0,0.0,0.0,0.0
AVGO,retest,long,B,11,0.18181818181818182,1.9689191116568225,-0.48461251323583504,0.4248590375705327,5.1952391404098455,8,0.25,1.9750820186001685,-0.2763491040220013,0.6411608003352568,6.1609568693763475
AVGO,retest,short,B (thin),1,1.0,1.9899127502193878,1.9899127502193878,99.0,0.0,0,0.0,0.0,0.0,0.0,0.0
TSLA,pullback,long,B (thin),0,0.0,0.0,0.0,0.0,0.0,0,0.0,0.0,0.0,0.0,0.0
TSLA,pullback,short,B (thin),0,0.0,0.0,0.0,0.0,0.0,1,0.0,0.0,-1.0330628666272565,0.0,0.0
TSLA,breakout,long,B (thin),0,0.0,0.0,0.0,0.0,0.0,0,0.0,0.0,0.0,0.0,0.0
TSLA,breakout,short,B (thin),0,0.0,0.0,0.0,0.0,0.0,0,0.0,0.0,0.0,0.0,0.0
TSLA,retest,long,B (thin),6,0.5,1.9800448762301521,0.4803572090879049,1.9424955475279166,2.0394825685624083,3,0.3333333333333333,1.9805804883937697,-0.01576347968576138,0.9766797588460296,2.027870927451054
TSLA,retest,short,B (thin),1,0.0,0.0,-1.0152076562348562,0.0,0.0,3,0.3333333333333333,1.9948907446996293,-0.019096473017800413,0.9720836308306234,1.0462964037654985
MU,pullback,long,B (thin),0,0.0,0.0,0.0,0.0,0.0,2,0.5,1.9831580185639481,0.4740607739878564,1.9160271883336375,0.0
MU,pullback,short,B (thin),0,0.0,0.0,0.0,0.0,0.0,0,0.0,0.0,0.0,0.0,0.0
MU,breakout,long,B (thin),1,0.0,0.0,-1.027175254284687,0.0,0.0,0,0.0,0.0,0.0,0.0,0.0
MU,breakout,short,B (thin),0,0.0,0.0,0.0,0.0,0.0,0,0.0,0.0,0.0,0.0,0.0
MU,retest,long,B (thin),4,0.75,1.9892456790574087,1.2365122522282348,5.841056048527681,1.0216880282592866,4,0.5,1.9795450942215478,0.4806690120403893,1.9441478578103681,1.0277666748437506
MU,retest,short,B (thin),0,0.0,0.0,0.0,0.0,0.0,0,0.0,0.0,0.0,0.0,0.0
BRK-B,pullback,long,B (thin),2,0.0,0.0,-1.0635945247441554,0.0,1.074544272996497,0,0.0,0.0,0.0,0.0,0.0
BRK-B,pullback,short,B (thin),1,1.0,1.9442569579176303,1.9442569579176303,99.0,0.0,0,0.0,0.0,0.0,0.0,0.0
BRK-B,breakout,long,B (thin),0,0.0,0.0,0.0,0.0,0.0,0,0.0,0.0,0.0,0.0,0.0
BRK-B,breakout,short,B (thin),0,0.0,0.0,0.0,0.0,0.0,0,0.0,0.0,0.0,0.0,0.0
BRK-B,retest,long,B (thin),7,0.14285714285714285,1.8793989386491077,-0.6213594006723425,0.30172173100521177,5.197458544573109,4,0.5,1.8838666008960694,0.39103630147682594,1.709817447194448,1.1223448045983824
BRK-B,retest,short,B (thin),10,0.3,1.9539685243151856,-0.1482633992905525,0.7981311177355311,3.176654998723679,1,0.0,0.0,-1.0378642181842725,0.0,0.0
LLY,pullback,long,B (thin),0,0.0,0.0,0.0,0.0,0.0,0,0.0,0.0,0.0,0.0,0.0
LLY,pullback,short,B (thin),0,0.0,0.0,0.0,0.0,0.0,0,0.0,0.0,0.0,0.0,0.0
LLY,breakout,long,B (thin),0,0.0,0.0,0.0,0.0,0.0,0,0.0,0.0,0.0,0.0,0.0
LLY,breakout,short,B (thin),0,0.0,0.0,0.0,0.0,0.0,0,0.0,0.0,0.0,0.0,0.0
LLY,retest,long,B (thin),10,0.4,1.962285447191404,0.1736359295175361,1.2840538326034134,6.112782493590255,3,0.6666666666666666,1.9833605734503394,0.9825619825275486,3.8926242680874212,1.0190351993180333
LLY,retest,short,B (thin),1,1.0,1.927537712836166,1.927537712836166,99.0,0.0,0,0.0,0.0,0.0,0.0,0.0
JPM,pullback,long,B (thin),1,0.0,0.0,-1.0606828018383856,0.0,0.0,0,0.0,0.0,0.0,0.0,0.0
JPM,pullback,short,B (thin),0,0.0,0.0,0.0,0.0,0.0,0,0.0,0.0,0.0,0.0,0.0
JPM,breakout,long,B (thin),0,0.0,0.0,0.0,0.0,0.0,0,0.0,0.0,0.0,0.0,0.0
JPM,breakout,short,B (thin),0,0.0,0.0,0.0,0.0,0.0,0,0.0,0.0,0.0,0.0,0.0
JPM,retest,long,B (thin),10,0.4,1.969149146097406,0.15612959943921123,1.247224335903341,3.197851325681926,4,0.25,1.9476616716482213,-0.3141003842313153,0.6078724247501228,2.143337037432002
JPM,retest,short,B (thin),1,1.0,1.9565854087882213,1.9565854087882213,99.0,0.0,2,0.0,0.0,-1.0221991098874201,0.0,1.0224750932719777
WMT,pullback,long,B (thin),1,0.0,0.0,-1.0408904425914562,0.0,0.0,0,0.0,0.0,0.0,0.0,0.0
WMT,pullback,short,B (thin),0,0.0,0.0,0.0,0.0,0.0,0,0.0,0.0,0.0,0.0,0.0
WMT,breakout,long,B (thin),0,0.0,0.0,0.0,0.0,0.0,0,0.0,0.0,0.0,0.0,0.0
WMT,breakout,short,B (thin),0,0.0,0.0,0.0,0.0,0.0,0,0.0,0.0,0.0,0.0,0.0
WMT,retest,long,B (thin),11,0.2727272727272727,1.4743466618657466,-0.36544654446269326,0.5238736402692001,5.282354812391143,1,1.0,1.9754392106380163,1.9754392106380163,99.0,0.0
WMT,retest,short,B (thin),0,0.0,0.0,0.0,0.0,0.0,1,0.0,0.0,-0.3550593164644525,0.0,0.0
AMD,pullback,long,B (thin),0,0.0,0.0,0.0,0.0,0.0,1,0.0,0.0,-1.0120677872746133,0.0,0.0
AMD,pullback,short,B (thin),0,0.0,0.0,0.0,0.0,0.0,0,0.0,0.0,0.0,0.0,0.0
AMD,breakout,long,B (thin),0,0.0,0.0,0.0,0.0,0.0,0,0.0,0.0,0.0,0.0,0.0
AMD,breakout,short,B (thin),0,0.0,0.0,0.0,0.0,0.0,0,0.0,0.0,0.0,0.0,0.0
AMD,retest,long,B (thin),7,0.5714285714285714,1.9872580547501122,0.6965474276087595,2.5865650250916,1.014633522786331,5,0.2,1.991789523141894,-0.4112646092505157,0.49202918372396726,4.048112569394473
AMD,retest,short,B (thin),0,0.0,0.0,0.0,0.0,0.0,0,0.0,0.0,0.0,0.0,0.0
V,pullback,long,B (thin),0,0.0,0.0,0.0,0.0,0.0,0,0.0,0.0,0.0,0.0,0.0
V,pullback,short,B (thin),1,1.0,1.9182140659985936,1.9182140659985936,99.0,0.0,0,0.0,0.0,0.0,0.0,0.0
V,breakout,long,B (thin),1,0.0,0.0,-1.057369892130589,0.0,0.0,0,0.0,0.0,0.0,0.0,0.0
V,breakout,short,B (thin),0,0.0,0.0,0.0,0.0,0.0,0,0.0,0.0,0.0,0.0,0.0
V,retest,long,B (thin),4,0.0,0.0,-0.8494931035517241,0.0,2.3721693618181514,2,0.5,1.9706379613313514,0.4717474343710144,1.9185622485797718,0.0
V,retest,short,B (thin),9,0.3333333333333333,1.9596078142865405,-0.035767932399884836,0.9480849608646309,2.2068988089568666,2,0.5,1.9683192301410055,0.46656142781711096,1.9013969509686564,1.0351963745067836
JNJ,pullback,long,B (thin),2,0.0,0.0,-1.1176255638357482,0.0,1.141987662575783,0,0.0,0.0,0.0,0.0,0.0
JNJ,pullback,short,B (thin),0,0.0,0.0,0.0,0.0,0.0,0,0.0,0.0,0.0,0.0,0.0
JNJ,breakout,long,B (thin),0,0.0,0.0,0.0,0.0,0.0,0,0.0,0.0,0.0,0.0,0.0
JNJ,breakout,short,B (thin),0,0.0,0.0,0.0,0.0,0.0,0,0.0,0.0,0.0,0.0,0.0
JNJ,retest,long,B (thin),8,0.25,1.9756675656886458,-0.2812676371616225,0.6371604091796288,4.219356141691688,6,0.5,1.9644054420281893,0.4609288206633091,1.8842353709885187,1.0419407714165663
JNJ,retest,short,B (thin),0,0.0,0.0,0.0,0.0,0.0,0,0.0,0.0,0.0,0.0,0.0
XOM,pullback,long,B (thin),3,0.3333333333333333,1.9330174865860423,-0.07758288993977991,0.8925328715055539,1.1098493038274901,0,0.0,0.0,0.0,0.0,0.0
XOM,pullback,short,B (thin),0,0.0,0.0,0.0,0.0,0.0,0,0.0,0.0,0.0,0.0,0.0
XOM,breakout,long,B (thin),0,0.0,0.0,0.0,0.0,0.0,0,0.0,0.0,0.0,0.0,0.0
XOM,breakout,short,B (thin),0,0.0,0.0,0.0,0.0,0.0,0,0.0,0.0,0.0,0.0,0.0
XOM,retest,long,B (thin),13,0.38461538461538464,1.948241776719355,0.10112136806039541,1.1560027690034431,5.440804336721667,5,0.2,1.9819016933907307,-0.4388633950115287,0.47456846749049264,2.1089160396037427
XOM,retest,short,B (thin),0,0.0,0.0,0.0,0.0,0.0,0,0.0,0.0,0.0,0.0,0.0
MA,pullback,long,B (thin),0,0.0,0.0,0.0,0.0,0.0,0,0.0,0.0,0.0,0.0,0.0
MA,pullback,short,B (thin),0,0.0,0.0,0.0,0.0,0.0,3,0.3333333333333333,1.9596858004456834,-0.05317408066229312,0.9247255395445888,2.1192080424325628
MA,breakout,long,B (thin),0,0.0,0.0,0.0,0.0,0.0,0,0.0,0.0,0.0,0.0,0.0
MA,breakout,short,B (thin),1,0.0,0.0,-1.0196710841993797,0.0,0.0,0,0.0,0.0,0.0,0.0,0.0
MA,retest,long,B (thin),7,0.14285714285714285,1.9718873375097503,-0.6383108941392902,0.30619066224533514,5.3906107480302925,0,0.0,0.0,0.0,0.0,0.0
MA,retest,short,B (thin),6,0.3333333333333333,1.9707502438981075,-0.03324097662083995,0.9518356812701939,2.1648230588151947,4,0.25,1.04781676745287,-0.5216534046516759,0.3342925630484731,3.1344303860595737
INTC,pullback,long,B (thin),0,0.0,0.0,0.0,0.0,0.0,0,0.0,0.0,0.0,0.0,0.0
INTC,pullback,short,B (thin),0,0.0,0.0,0.0,0.0,0.0,0,0.0,0.0,0.0,0.0,0.0
INTC,breakout,long,B (thin),0,0.0,0.0,0.0,0.0,0.0,0,0.0,0.0,0.0,0.0,0.0
INTC,breakout,short,B (thin),0,0.0,0.0,0.0,0.0,0.0,0,0.0,0.0,0.0,0.0,0.0
INTC,retest,long,B (thin),8,0.125,1.9725000112196929,-0.6432108694875016,0.2771070808242401,4.130592473091676,3,0.0,0.0,-1.0118742552765194,0.0,2.023241356909545
INTC,retest,short,B (thin),0,0.0,0.0,0.0,0.0,0.0,0,0.0,0.0,0.0,0.0,0.0
ORCL,pullback,long,B (thin),0,0.0,0.0,0.0,0.0,0.0,0,0.0,0.0,0.0,0.0,0.0
ORCL,pullback,short,B (thin),1,0.0,0.0,-1.0363428711736238,0.0,0.0,0,0.0,0.0,0.0,0.0,0.0
ORCL,breakout,long,B (thin),0,0.0,0.0,0.0,0.0,0.0,0,0.0,0.0,0.0,0.0,0.0
ORCL,breakout,short,B (thin),0,0.0,0.0,0.0,0.0,0.0,0,0.0,0.0,0.0,0.0,0.0
ORCL,retest,long,B (thin),4,0.25,1.9709685884434869,-0.27757320357375065,0.6396628947780207,1.0303072486445475,0,0.0,0.0,0.0,0.0,0.0
ORCL,retest,short,B (thin),4,0.5,1.984892590582192,0.47747760109698284,1.9271973354500682,1.0477800660689824,3,0.0,0.0,-1.0177616395971418,0.0,2.0408923469739344
ABBV,pullback,long,B (thin),0,0.0,0.0,0.0,0.0,0.0,1,1.0,1.9371461743577347,1.9371461743577347,99.0,0.0
ABBV,pullback,short,B (thin),0,0.0,0.0,0.0,0.0,0.0,0,0.0,0.0,0.0,0.0,0.0
ABBV,breakout,long,B (thin),0,0.0,0.0,0.0,0.0,0.0,0,0.0,0.0,0.0,0.0,0.0
ABBV,breakout,short,B (thin),0,0.0,0.0,0.0,0.0,0.0,0,0.0,0.0,0.0,0.0,0.0
ABBV,retest,long,B (thin),10,0.2,1.9665411499084615,-0.43299284158901863,0.47598659073992844,6.311662609399022,3,0.6666666666666666,1.9438272697958463,0.9516062096527791,3.7640582589810476,1.0328359106333553
ABBV,retest,short,B (thin),3,0.3333333333333333,1.9064210117047964,-0.06155690450149979,0.911686937842951,2.0910917252092958,0,0.0,0.0,0.0,0.0,0.0
BAC,pullback,long,B (thin),1,0.0,0.0,-1.027073770735747,0.0,0.0,0,0.0,0.0,0.0,0.0,0.0
BAC,pullback,short,B (thin),0,0.0,0.0,0.0,0.0,0.0,1,0.0,0.0,-1.0349109826853151,0.0,0.0
BAC,breakout,long,B (thin),0,0.0,0.0,0.0,0.0,0.0,0,0.0,0.0,0.0,0.0,0.0
BAC,breakout,short,B (thin),0,0.0,0.0,0.0,0.0,0.0,0,0.0,0.0,0.0,0.0,0.0
BAC,retest,long,B (thin),4,0.5,1.966203644867071,0.46832445277971935,1.909761151883316,1.0320357078795177,3,0.6666666666666666,1.1070379046884553,0.39289062168320904,2.1383691085081065,0.0
BAC,retest,short,B (thin),1,0.0,0.0,-1.038150959517907,0.0,0.0,1,0.0,0.0,-1.0183165038780981,0.0,0.0
CSCO,pullback,long,B (thin),2,0.5,1.9534928749917542,0.4562985010784699,1.8767418778129452,1.0408958728348143,0,0.0,0.0,0.0,0.0,0.0
CSCO,pullback,short,B (thin),0,0.0,0.0,0.0,0.0,0.0,0,0.0,0.0,0.0,0.0,0.0
CSCO,breakout,long,B (thin),0,0.0,0.0,0.0,0.0,0.0,0,0.0,0.0,0.0,0.0,0.0
CSCO,breakout,short,B (thin),0,0.0,0.0,0.0,0.0,0.0,0,0.0,0.0,0.0,0.0,0.0
CSCO,retest,long,B (thin),12,0.4166666666666667,1.9566846364240607,0.20522906669870458,1.3364100999395219,4.14237015729493,5,0.2,1.9727142662515305,-0.42275026745947314,0.48274339187838117,2.050593926613849
CSCO,retest,short,B (thin),0,0.0,0.0,0.0,0.0,0.0,0,0.0,0.0,0.0,0.0,0.0
PLTR,pullback,long,B (thin),1,0.0,0.0,-1.02487988390577,0.0,0.0,0,0.0,0.0,0.0,0.0,0.0
PLTR,pullback,short,B (thin),2,0.0,0.0,-1.0329044729783474,0.0,1.0261721519927764,1,0.0,0.0,-1.049164311416794,0.0,0.0
PLTR,breakout,long,B (thin),0,0.0,0.0,0.0,0.0,0.0,0,0.0,0.0,0.0,0.0,0.0
PLTR,breakout,short,B (thin),1,0.0,0.0,-1.0271758576535162,0.0,0.0,0,0.0,0.0,0.0,0.0,0.0
PLTR,retest,long,B (thin),6,0.5,1.9857546161959323,0.4857605029765642,1.9578868183243798,1.0230865065628154,0,0.0,0.0,0.0,0.0,0.0
PLTR,retest,short,B (thin),1,0.0,0.0,-1.0131187112355233,0.0,0.0,4,0.5,1.3100139264878734,0.15008394625079002,1.2972412451001953,2.0196920679725867
CVX,pullback,long,B (thin),2,0.0,0.0,-1.0549673108051985,0.0,1.0473421622735384,1,0.0,0.0,-1.0582825786047183,0.0,0.0
CVX,pullback,short,B (thin),0,0.0,0.0,0.0,0.0,0.0,0,0.0,0.0,0.0,0.0,0.0
CVX,breakout,long,B (thin),0,0.0,0.0,0.0,0.0,0.0,0,0.0,0.0,0.0,0.0,0.0
CVX,breakout,short,B (thin),0,0.0,0.0,0.0,0.0,0.0,0,0.0,0.0,0.0,0.0,0.0
CVX,retest,long,B (thin),8,0.125,1.9158341805099357,-0.688393477605896,0.25809495161913015,5.3599629262676505,5,0.4,1.9640003383140645,0.15193391275202192,1.239769625300446,3.168331112868019
CVX,retest,short,B (thin),0,0.0,0.0,0.0,0.0,0.0,0,0.0,0.0,0.0,0.0,0.0
COST,pullback,long,B (thin),0,0.0,0.0,0.0,0.0,0.0,0,0.0,0.0,0.0,0.0,0.0
COST,pullback,short,B (thin),1,1.0,1.9530942689505937,1.9530942689505937,99.0,0.0,1,1.0,1.9124441147602018,1.9124441147602018,99.0,0.0
COST,breakout,long,B (thin),0,0.0,0.0,0.0,0.0,0.0,0,0.0,0.0,0.0,0.0,0.0
COST,breakout,short,B (thin),0,0.0,0.0,0.0,0.0,0.0,0,0.0,0.0,0.0,0.0,0.0
COST,retest,long,B (thin),3,0.6666666666666666,1.9674933895592739,0.9739026456818952,3.8834194653356753,0.0,2,0.0,0.0,-1.0315160079137415,0.0,1.0241344206390848
COST,retest,short,B (thin),3,0.6666666666666666,1.0325403719740633,0.34499885029932736,2.0047688896509444,1.0300841930501443,4,0.25,1.9427851764549404,-0.3096071125127026,0.6107056628538644,2.1612061855561615
LRCX,pullback,long,B (thin),0,0.0,0.0,0.0,0.0,0.0,0,0.0,0.0,0.0,0.0,0.0
LRCX,pullback,short,B (thin),0,0.0,0.0,0.0,0.0,0.0,0,0.0,0.0,0.0,0.0,0.0
LRCX,breakout,long,B (thin),1,0.0,0.0,-1.0197283152648382,0.0,0.0,0,0.0,0.0,0.0,0.0,0.0
LRCX,breakout,short,B (thin),0,0.0,0.0,0.0,0.0,0.0,0,0.0,0.0,0.0,0.0,0.0
LRCX,retest,long,B (thin),6,0.6666666666666666,1.9871552342096301,0.9860084315068196,3.910625256071098,2.0325703477976025,4,0.25,1.9923572084510053,-0.2641401634899453,0.6534637200346367,3.0489178624107867
LRCX,retest,short,B (thin),0,0.0,0.0,0.0,0.0,0.0,0,0.0,0.0,0.0,0.0,0.0
KO,pullback,long,B (thin),2,0.5,1.9125003385315527,0.4074516504245682,1.74244305776354,0.0,0,0.0,0.0,0.0,0.0,0.0
KO,pullback,short,B (thin),0,0.0,0.0,0.0,0.0,0.0,0,0.0,0.0,0.0,0.0,0.0
KO,breakout,long,B (thin),0,0.0,0.0,0.0,0.0,0.0,0,0.0,0.0,0.0,0.0,0.0
KO,breakout,short,B (thin),0,0.0,0.0,0.0,0.0,0.0,0,0.0,0.0,0.0,0.0,0.0
KO,retest,long,B (thin),9,0.1111111111111111,1.974496389187301,-0.7360258655912567,0.22962653526670748,5.566139961889471,3,0.6666666666666666,1.974701046963636,0.9550469759636986,3.6424822889907875,1.0842611660361763
KO,retest,short,B (thin),2,0.0,0.0,-1.0407026834028446,0.0,1.0372120324669765,0,0.0,0.0,0.0,0.0,0.0
CAT,pullback,long,B (thin),2,0.5,1.9378417067036253,0.4227637531034083,1.7740698654492013,1.0923142004968087,1,1.0,1.958883005967721,1.958883005967721,99.0,0.0
CAT,pullback,short,B (thin),0,0.0,0.0,0.0,0.0,0.0,0,0.0,0.0,0.0,0.0,0.0
CAT,breakout,long,B (thin),0,0.0,0.0,0.0,0.0,0.0,1,0.0,0.0,-1.0268669565810284,0.0,0.0
CAT,breakout,short,B (thin),0,0.0,0.0,0.0,0.0,0.0,0,0.0,0.0,0.0,0.0,0.0
CAT,retest,long,B (thin),8,0.5,1.9735259498295585,0.4678619959250836,1.9016402259175047,1.051732450183353,6,0.5,1.9704236414387963,0.4706173846511332,1.914540367452986,2.075610378458091
CAT,retest,short,B (thin),0,0.0,0.0,0.0,0.0,0.0,0,0.0,0.0,0.0,0.0,0.0
MRK,pullback,long,B (thin),1,1.0,1.9562136363815916,1.9562136363815916,99.0,0.0,0,0.0,0.0,0.0,0.0,0.0
MRK,pullback,short,B (thin),0,0.0,0.0,0.0,0.0,0.0,0,0.0,0.0,0.0,0.0,0.0
MRK,breakout,long,B (thin),0,0.0,0.0,0.0,0.0,0.0,0,0.0,0.0,0.0,0.0,0.0
MRK,breakout,short,B (thin),0,0.0,0.0,0.0,0.0,0.0,0,0.0,0.0,0.0,0.0,0.0
MRK,retest,long,B (thin),8,0.875,1.9670957996599718,1.5940872091014895,13.539859579074793,1.016972924807888,5,0.6,1.9595174794600716,0.7637182041321318,2.8537196802879747,1.0327979180765123
MRK,retest,short,B (thin),2,0.0,0.0,-1.0144740855113445,0.0,1.0114542909524826,0,0.0,0.0,0.0,0.0,0.0
AMAT,pullback,long,B (thin),0,0.0,0.0,0.0,0.0,0.0,0,0.0,0.0,0.0,0.0,0.0
AMAT,pullback,short,B (thin),0,0.0,0.0,0.0,0.0,0.0,0,0.0,0.0,0.0,0.0,0.0
AMAT,breakout,long,B (thin),1,1.0,1.9880375197891875,1.9880375197891875,99.0,0.0,0,0.0,0.0,0.0,0.0,0.0
AMAT,breakout,short,B (thin),0,0.0,0.0,0.0,0.0,0.0,0,0.0,0.0,0.0,0.0,0.0
AMAT,retest,long,B (thin),10,0.4,1.9854757719077656,0.18037331408319707,1.2938551973088617,4.149343749554088,4,0.25,1.969355424776298,-0.2765583224198868,0.6403181984378982,3.0755887144558454
AMAT,retest,short,B (thin),0,0.0,0.0,0.0,0.0,0.0,0,0.0,0.0,0.0,0.0,0.0
UNH,pullback,long,B (thin),0,0.0,0.0,0.0,0.0,0.0,0,0.0,0.0,0.0,0.0,0.0
UNH,pullback,short,B (thin),1,0.0,0.0,-1.0548353422763619,0.0,0.0,0,0.0,0.0,0.0,0.0,0.0
UNH,breakout,long,B (thin),0,0.0,0.0,0.0,0.0,0.0,0,0.0,0.0,0.0,0.0,0.0
UNH,breakout,short,B (thin),0,0.0,0.0,0.0,0.0,0.0,0,0.0,0.0,0.0,0.0,0.0
UNH,retest,long,B (thin),1,1.0,1.9846394405487946,1.9846394405487946,99.0,0.0,2,0.0,0.0,-1.039574055489107,0.0,1.0634953593815095
UNH,retest,short,B (thin),11,0.18181818181818182,1.9745773407832998,-0.4895620623057891,0.4230782032324734,9.33433736693028,0,0.0,0.0,0.0,0.0,0.0
GE,pullback,long,B (thin),0,0.0,0.0,0.0,0.0,0.0,0,0.0,0.0,0.0,0.0,0.0
GE,pullback,short,B (thin),0,0.0,0.0,0.0,0.0,0.0,0,0.0,0.0,0.0,0.0,0.0
GE,breakout,long,B (thin),0,0.0,0.0,0.0,0.0,0.0,0,0.0,0.0,0.0,0.0,0.0
GE,breakout,short,B (thin),0,0.0,0.0,0.0,0.0,0.0,0,0.0,0.0,0.0,0.0,0.0
GE,retest,long,B (thin),6,0.3333333333333333,1.975053002691748,-0.022883173672945938,0.9664092399836175,3.0673538699094087,5,0.4,1.9825980983624691,0.17244416749159464,1.2778690571560518,2.0762016870268756
GE,retest,short,B (thin),2,0.5,1.9600230590079788,0.4759328389001475,1.9441637739735076,0.0,0,0.0,0.0,0.0,0.0,0.0
MS,pullback,long,B (thin),1,1.0,1.9430781553988634,1.9430781553988634,99.0,0.0,1,0.0,0.0,-1.0463516826689943,0.0,0.0
MS,pullback,short,B (thin),0,0.0,0.0,0.0,0.0,0.0,0,0.0,0.0,0.0,0.0,0.0
MS,breakout,long,B (thin),1,0.0,0.0,-1.0278877434972002,0.0,0.0,0,0.0,0.0,0.0,0.0,0.0
MS,breakout,short,B (thin),0,0.0,0.0,0.0,0.0,0.0,0,0.0,0.0,0.0,0.0,0.0
MS,retest,long,B (thin),10,0.2,1.9814128918618357,-0.43105419371743625,0.4789858153788824,6.129844304306359,7,0.14285714285714285,1.9544115650643976,-0.6219224643322508,0.30983706577663084,6.307868815390154
MS,retest,short,B (thin),0,0.0,0.0,0.0,0.0,0.0,0,0.0,0.0,0.0,0.0,0.0
PG,pullback,long,B (thin),0,0.0,0.0,0.0,0.0,0.0,0,0.0,0.0,0.0,0.0,0.0
PG,pullback,short,B (thin),2,0.5,1.8313134938844498,0.3906066942477985,1.7439418246761467,0.0,1,0.0,0.0,-1.0367051842639123,0.0,0.0
PG,breakout,long,B (thin),0,0.0,0.0,0.0,0.0,0.0,0,0.0,0.0,0.0,0.0,0.0
PG,breakout,short,B (thin),0,0.0,0.0,0.0,0.0,0.0,0,0.0,0.0,0.0,0.0,0.0
PG,retest,long,B (thin),0,0.0,0.0,0.0,0.0,0.0,6,0.16666666666666666,1.8828172862667314,-0.3932316554384576,0.44382963611005877,2.1286334759040395
PG,retest,short,B (thin),9,0.3333333333333333,1.9334214378784214,-0.05649164366328718,0.919408805160918,3.1023855295548097,4,0.0,0.0,-1.0415876807400029,0.0,3.1384838867659104
DELL,pullback,long,B (thin),0,0.0,0.0,0.0,0.0,0.0,0,0.0,0.0,0.0,0.0,0.0
DELL,pullback,short,B (thin),1,0.0,0.0,-1.0194002932116017,0.0,0.0,0,0.0,0.0,0.0,0.0,0.0
DELL,breakout,long,B (thin),0,0.0,0.0,0.0,0.0,0.0,0,0.0,0.0,0.0,0.0,0.0
DELL,breakout,short,B (thin),0,0.0,0.0,0.0,0.0,0.0,0,0.0,0.0,0.0,0.0,0.0
DELL,retest,long,B (thin),3,0.3333333333333333,1.9640168275996945,-0.03262300611743781,0.9525342207744164,2.061885845952008,4,0.75,0.9278827764979934,0.44257714402749015,2.7470039739367413,1.01333975338402
DELL,retest,short,B (thin),3,0.0,0.0,-1.0113976737963561,0.0,2.0196053499688644,0,0.0,0.0,0.0,0.0,0.0
NFLX,pullback,long,B (thin),0,0.0,0.0,0.0,0.0,0.0,0,0.0,0.0,0.0,0.0,0.0
NFLX,pullback,short,B (thin),0,0.0,0.0,0.0,0.0,0.0,0,0.0,0.0,0.0,0.0,0.0
NFLX,breakout,long,B (thin),0,0.0,0.0,0.0,0.0,0.0,0,0.0,0.0,0.0,0.0,0.0
NFLX,breakout,short,B (thin),1,1.0,1.9796445718635662,1.9796445718635662,99.0,0.0,0,0.0,0.0,0.0,0.0,0.0
NFLX,retest,long,B (thin),5,0.0,0.0,-1.0220853556783667,0.0,4.082541383363323,0,0.0,0.0,0.0,0.0,0.0
NFLX,retest,short,B (thin),3,0.3333333333333333,1.983383215313628,-0.015374052723466258,0.9772741877045531,1.011385280413395,2,0.5,1.978604392771357,0.47180942413024074,1.9117217658401469,1.0349855445108755
HD,pullback,long,B (thin),0,0.0,0.0,0.0,0.0,0.0,1,0.0,0.0,-1.0583338549719772,0.0,0.0
HD,pullback,short,B (thin),0,0.0,0.0,0.0,0.0,0.0,0,0.0,0.0,0.0,0.0,0.0
HD,breakout,long,B (thin),0,0.0,0.0,0.0,0.0,0.0,0,0.0,0.0,0.0,0.0,0.0
HD,breakout,short,B (thin),0,0.0,0.0,0.0,0.0,0.0,0,0.0,0.0,0.0,0.0,0.0
HD,retest,long,B (thin),1,0.0,0.0,-1.030237358130466,0.0,0.0,1,0.0,0.0,-1.0583338549719772,0.0,0.0
HD,retest,short,B (thin),3,0.3333333333333333,1.961817126672999,-0.028725198116807737,0.9579219235176971,1.0189522803779094,6,0.16666666666666666,1.9645752206931246,-0.5420812148994899,0.3765673148239141,4.187256809918784
GS,pullback,long,B (thin),1,0.0,0.0,-1.0286402039568325,0.0,0.0,1,0.0,0.0,-1.0239033089054796,0.0,0.0
GS,pullback,short,B (thin),0,0.0,0.0,0.0,0.0,0.0,0,0.0,0.0,0.0,0.0,0.0
GS,breakout,long,B (thin),0,0.0,0.0,0.0,0.0,0.0,0,0.0,0.0,0.0,0.0,0.0
GS,breakout,short,B (thin),0,0.0,0.0,0.0,0.0,0.0,0,0.0,0.0,0.0,0.0,0.0
GS,retest,long,B,12,0.16666666666666666,1.9773838195530349,-0.5324331264246543,0.38232607896353105,6.30059556811161,8,0.25,1.9831383185391322,-0.27859433988692417,0.6402351189273113,6.195031356173657
GS,retest,short,B (thin),0,0.0,0.0,0.0,0.0,0.0,0,0.0,0.0,0.0,0.0,0.0
PM,pullback,long,B (thin),0,0.0,0.0,0.0,0.0,0.0,3,0.3333333333333333,1.958325484081611,-0.04409317406706167,0.9367266787347914,1.0564437050814404
PM,pullback,short,B (thin),1,0.0,0.0,-1.0446744953980813,0.0,0.0,0,0.0,0.0,0.0,0.0,0.0
PM,breakout,long,B (thin),0,0.0,0.0,0.0,0.0,0.0,0,0.0,0.0,0.0,0.0,0.0
PM,breakout,short,B (thin),0,0.0,0.0,0.0,0.0,0.0,0,0.0,0.0,0.0,0.0,0.0
PM,retest,long,B,5,0.2,1.9896408754842452,-0.4270300292241799,0.48236161906451813,3.0938058030272355,8,0.125,1.9821807000551341,-0.6654488665805915,0.27131709006384785,4.295887394334972
PM,retest,short,B (thin),6,0.0,0.0,-1.0230822016302483,0.0,5.109520959504351,0,0.0,0.0,0.0,0.0,0.0
WFC,pullback,long,B (thin),0,0.0,0.0,0.0,0.0,0.0,0,0.0,0.0,0.0,0.0,0.0
WFC,pullback,short,B (thin),0,0.0,0.0,0.0,0.0,0.0,0,0.0,0.0,0.0,0.0,0.0
WFC,breakout,long,B (thin),1,0.0,0.0,-1.0272827909769333,0.0,0.0,0,0.0,0.0,0.0,0.0,0.0
WFC,breakout,short,B (thin),0,0.0,0.0,0.0,0.0,0.0,0,0.0,0.0,0.0,0.0,0.0
WFC,retest,long,B (thin),5,0.8,1.5699716251892022,1.047504029265601,6.024644285643758,1.042366354428804,3,0.6666666666666666,1.9675652393898013,0.9639279026534409,3.771641978332451,0.0
WFC,retest,short,B (thin),3,0.3333333333333333,1.9736934706983738,-0.02824317214507836,0.9588376553483682,1.0277121991987421,2,0.0,0.0,-1.0185627218487308,0.0,1.0134254221633376
PANW,pullback,long,B (thin),0,0.0,0.0,0.0,0.0,0.0,0,0.0,0.0,0.0,0.0,0.0
PANW,pullback,short,B (thin),0,0.0,0.0,0.0,0.0,0.0,0,0.0,0.0,0.0,0.0,0.0
PANW,breakout,long,B (thin),0,0.0,0.0,0.0,0.0,0.0,0,0.0,0.0,0.0,0.0,0.0
PANW,breakout,short,B (thin),1,0.0,0.0,-1.036377647172727,0.0,0.0,0,0.0,0.0,0.0,0.0,0.0
PANW,retest,long,B (thin),4,0.25,1.9754613831524555,-0.2736730455987276,0.6434405774749115,3.0701535655473657,2,0.5,1.986376896541499,0.48958726485534454,1.9721725861225772,1.0072023668308099
PANW,retest,short,B (thin),3,0.6666666666666666,1.986013619742649,0.9884912496426236,3.9461660773592837,1.0065534905574274,0,0.0,0.0,0.0,0.0,0.0
RTX,pullback,long,B (thin),1,0.0,0.0,-1.0709691189322579,0.0,0.0,0,0.0,0.0,0.0,0.0,0.0
RTX,pullback,short,B (thin),0,0.0,0.0,0.0,0.0,0.0,0,0.0,0.0,0.0,0.0,0.0
RTX,breakout,long,B (thin),0,0.0,0.0,0.0,0.0,0.0,0,0.0,0.0,0.0,0.0,0.0
RTX,breakout,short,B (thin),0,0.0,0.0,0.0,0.0,0.0,0,0.0,0.0,0.0,0.0,0.0
RTX,retest,long,B (thin),10,0.5,1.9664992632372642,0.4622752997351022,1.8873283604276485,2.134263635959618,1,0.0,0.0,-1.0245082169841098,0.0,0.0
RTX,retest,short,B (thin),0,0.0,0.0,0.0,0.0,0.0,2,0.0,0.0,-1.0301570694706474,0.0,1.0203142588615877
SNDK,pullback,long,B (thin),0,0.0,0.0,0.0,0.0,0.0,0,0.0,0.0,0.0,0.0,0.0
SNDK,pullback,short,B (thin),0,0.0,0.0,0.0,0.0,0.0,0,0.0,0.0,0.0,0.0,0.0
SNDK,breakout,long,B (thin),0,0.0,0.0,0.0,0.0,0.0,0,0.0,0.0,0.0,0.0,0.0
SNDK,breakout,short,B (thin),0,0.0,0.0,0.0,0.0,0.0,0,0.0,0.0,0.0,0.0,0.0
SNDK,retest,long,B (thin),3,0.6666666666666666,1.9945413107837369,0.992008319998669,3.937665912697963,0.0,4,0.25,1.8193436353637427,-0.3017066195623404,0.6012033583900319,2.0198978653830464
SNDK,retest,short,B (thin),0,0.0,0.0,0.0,0.0,0.0,0,0.0,0.0,0.0,0.0,0.0
GEV,pullback,long,B (thin),1,1.0,1.9662950132844443,1.9662950132844443,99.0,0.0,0,0.0,0.0,0.0,0.0,0.0
GEV,pullback,short,B (thin),0,0.0,0.0,0.0,0.0,0.0,0,0.0,0.0,0.0,0.0,0.0
GEV,breakout,long,B (thin),0,0.0,0.0,0.0,0.0,0.0,0,0.0,0.0,0.0,0.0,0.0
GEV,breakout,short,B (thin),0,0.0,0.0,0.0,0.0,0.0,0,0.0,0.0,0.0,0.0,0.0
GEV,retest,long,B (thin),11,0.45454545454545453,1.981008242245738,0.3459146663299456,1.6237826031373395,3.031880421237469,5,0.2,1.9771451921552428,-0.4272821880221717,0.48064135472634495,3.095337580608343
GEV,retest,short,B (thin),0,0.0,0.0,0.0,0.0,0.0,0,0.0,0.0,0.0,0.0,0.0
ANET,pullback,long,B (thin),0,0.0,0.0,0.0,0.0,0.0,3,0.6666666666666666,1.9742126684406536,0.9644779083116224,3.7426130143314937,1.05499161194644
ANET,pullback,short,B (thin),0,0.0,0.0,0.0,0.0,0.0,0,0.0,0.0,0.0,0.0,0.0
ANET,breakout,long,B (thin),0,0.0,0.0,0.0,0.0,0.0,1,1.0,1.9834346492202304,1.9834346492202304,99.0,0.0
ANET,breakout,short,B (thin),1,0.0,0.0,-1.0163122157689566,0.0,0.0,0,0.0,0.0,0.0,0.0,0.0
ANET,retest,long,B (thin),7,0.14285714285714285,1.9906424281471855,-0.5891870799764235,0.3255368859901826,3.083791571448579,6,0.5,1.9848938583496756,0.4850127589151241,1.9558141476102924,2.0289484566371248
ANET,retest,short,B (thin),0,0.0,0.0,0.0,0.0,0.0,0,0.0,0.0,0.0,0.0,0.0
KLAC,pullback,long,B (thin),1,1.0,1.9751479279783557,1.9751479279783557,99.0,0.0,0,0.0,0.0,0.0,0.0,0.0
KLAC,pullback,short,B (thin),0,0.0,0.0,0.0,0.0,0.0,0,0.0,0.0,0.0,0.0,0.0
KLAC,breakout,long,B (thin),0,0.0,0.0,0.0,0.0,0.0,0,0.0,0.0,0.0,0.0,0.0
KLAC,breakout,short,B (thin),0,0.0,0.0,0.0,0.0,0.0,0,0.0,0.0,0.0,0.0,0.0
KLAC,retest,long,B (thin),11,0.36363636363636365,1.962358565346423,0.06208710242799722,1.0952990164026664,4.223697221743682,2,0.5,1.983806011858138,0.47379777920028665,1.9144817592205265,1.0362104534575647
KLAC,retest,short,B (thin),0,0.0,0.0,0.0,0.0,0.0,0,0.0,0.0,0.0,0.0,0.0
AMGN,pullback,long,B (thin),0,0.0,0.0,0.0,0.0,0.0,0,0.0,0.0,0.0,0.0,0.0
AMGN,pullback,short,B (thin),0,0.0,0.0,0.0,0.0,0.0,0,0.0,0.0,0.0,0.0,0.0
AMGN,breakout,long,B (thin),0,0.0,0.0,0.0,0.0,0.0,0,0.0,0.0,0.0,0.0,0.0
AMGN,breakout,short,B (thin),0,0.0,0.0,0.0,0.0,0.0,0,0.0,0.0,0.0,0.0,0.0
AMGN,retest,long,B (thin),10,0.3,1.9706478157339384,-0.12623470741937132,0.8240457268312347,3.124649348105984,3,0.6666666666666666,1.9724407811795417,0.974819278104429,3.8659249622839407,0.0
AMGN,retest,short,B (thin),1,0.0,0.0,-1.0186497029863957,0.0,0.0,0,0.0,0.0,0.0,0.0,0.0
TXN,pullback,long,B (thin),0,0.0,0.0,0.0,0.0,0.0,1,0.0,0.0,-1.02942226040722,0.0,0.0
TXN,pullback,short,B (thin),0,0.0,0.0,0.0,0.0,0.0,0,0.0,0.0,0.0,0.0,0.0
TXN,breakout,long,B (thin),0,0.0,0.0,0.0,0.0,0.0,0,0.0,0.0,0.0,0.0,0.0
TXN,breakout,short,B (thin),1,0.0,0.0,-1.0460383986755646,0.0,0.0,0,0.0,0.0,0.0,0.0,0.0
TXN,retest,long,B (thin),1,1.0,1.952381282952568,1.952381282952568,99.0,0.0,4,0.25,1.986782048836989,-0.27776531629174017,0.6413436211753012,3.0978433140039496
TXN,retest,short,B (thin),1,0.0,0.0,-1.0325224604271324,0.0,0.0,0,0.0,0.0,0.0,0.0,0.0
C,pullback,long,B (thin),1,0.0,0.0,-1.0261517837763654,0.0,0.0,0,0.0,0.0,0.0,0.0,0.0
C,pullback,short,B (thin),0,0.0,0.0,0.0,0.0,0.0,0,0.0,0.0,0.0,0.0,0.0
C,breakout,long,B (thin),0,0.0,0.0,0.0,0.0,0.0,0,0.0,0.0,0.0,0.0,0.0
C,breakout,short,B (thin),0,0.0,0.0,0.0,0.0,0.0,0,0.0,0.0,0.0,0.0,0.0
C,retest,long,B (thin),12,0.3333333333333333,1.9709951030911614,-0.024524872356207483,0.9640146206103098,3.077885157026058,6,0.6666666666666666,1.972725860482017,0.9706088961898477,3.817101557441984,2.0672500647889827
C,retest,short,B (thin),0,0.0,0.0,0.0,0.0,0.0,0,0.0,0.0,0.0,0.0,0.0
