ts,Close,High,Low,Open,Volume,ma8,ma10,ma21,ma50,ma100,ma200,ema8,ema21,ema34,ema55,ema89,ema144,ema200,rsi21,macd,macd_sig,macd_hist,vma10,rvol10,vwap,atr14
2026-04-21,265.6959,272.314,264.9272,271.0164,50209800,264.2522,263.2482,257.5856,259.8046,263.8887,251.9508,264.8263,260.4861,259.6452,259.8808,259.5127,256.2236,252.2114,54.7952,2.9212,1.1946,1.7267,42652410.0,1.1772,257.8839,6.0738
2026-04-22,272.6834,273.2524,266.3946,267.3429,43249200,265.8356,264.6727,258.6161,259.7756,263.8533,252.2695,266.5723,261.595,260.3902,260.3381,259.8053,256.4506,252.4151,59.3125,3.4878,1.6532,1.8346,42874050.0,1.0088,258.888,6.1797
2026-04-23,272.9429,275.2787,271.1661,274.56,33399600,267.6112,265.9644,259.6519,259.7706,263.8148,252.5893,267.988,262.6266,261.1075,260.7882,260.0973,256.6781,252.6193,59.4704,3.9127,2.1051,1.8076,43401850.0,0.7695,259.6623,6.032
2026-04-24,270.5771,272.5736,269.1696,272.2741,38157100,269.1372,267.0205,260.5284,259.682,263.7396,252.8915,268.5634,263.3494,261.6487,261.1378,260.3302,256.8698,252.798,57.3399,4.0123,2.4865,1.5257,44088410.0,0.8655,260.4924,5.8707
2026-04-27,267.1333,267.8819,264.5978,265.616,41466800,269.2844,267.86,261.2281,259.7994,263.5876,253.1702,268.2456,263.6934,261.9621,261.352,260.4813,257.0114,252.9406,54.3631,3.7698,2.7432,1.0266,44611620.0,0.9295,261.3753,5.8785
2026-04-28,270.2278,272.7433,268.1814,271.8549,40018900,270.1966,269.0459,262.2696,260.0974,263.4358,253.4707,268.6861,264.2874,262.4344,261.669,260.6979,257.1937,253.1127,56.494,3.7838,2.9513,0.8325,43776440.0,0.9142,262.4751,5.8593
2026-04-29,269.6887,270.5572,266.5643,267.0734,30047900,270.1891,269.4192,263.3885,260.223,263.2989,253.781,268.9089,264.7784,262.8489,261.9554,260.8977,257.366,253.2776,56.0157,3.7086,3.1028,0.6058,41789880.0,0.719,263.3699,5.726
2026-04-30,270.8666,275.5083,267.6624,270.0181,91848200,269.977,270.2128,264.2232,260.3628,263.2082,254.0948,269.3439,265.3319,263.3071,262.2736,261.1193,257.5522,253.4526,56.854,3.7014,3.2225,0.4789,46642390.0,1.9692,264.6197,5.8774
2026-05-01,279.641,286.7083,277.8741,278.3632,79915400,271.7201,271.202,265.3883,260.7533,263.2244,254.4473,271.6322,266.6327,264.2404,262.8939,261.5309,257.8569,253.7132,62.4515,4.3535,3.4487,0.9048,48490310.0,1.6481,266.4544,6.5891
2026-05-04,276.3369,280.1301,274.3704,279.1618,46668400,272.1768,271.5793,266.3822,260.9978,263.2164,254.7839,272.6776,267.5149,264.9317,263.374,261.8599,258.1118,253.9383,59.4043,4.5512,3.6692,0.882,49498130.0,0.9428,267.2226,6.5299
2026-05-05,283.6738,284.0631,276.0075,276.4367,49311700,273.5181,273.3771,267.5858,261.3572,263.2888,255.1515,275.1212,268.9839,266.0026,264.099,262.3446,258.4644,254.2342,63.5509,5.2395,3.9833,1.2563,49408320.0,0.998,269.0453,6.6389
2026-05-06,286.9978,287.5169,280.5693,281.4178,58336100,275.5707,274.8086,269.2024,261.664,263.3786,255.5292,277.7605,270.6215,267.2024,264.9168,262.8925,258.858,254.5602,65.2399,5.9843,4.3835,1.6008,50917010.0,1.1457,270.5256,6.6609
2026-05-07,286.9279,291.6096,285.2709,288.7547,45224300,278.0451,276.2071,270.5591,261.9278,263.4751,255.897,279.7977,272.1039,268.3295,265.7029,263.4266,259.2451,254.8822,65.1733,6.494,4.8056,1.6884,52099480.0,0.868,271.6963,6.6379
2026-05-08,292.7975,294.2349,289.4834,289.4934,52692800,280.8663,278.4291,272.1196,262.3344,263.6278,256.2954,282.6865,273.9852,269.7277,266.6706,264.0793,259.7079,255.2595,68.0524,7.2876,5.302,1.9856,53553050.0,0.9839,273.173,6.6857
2026-05-11,292.4278,293.6268,289.9799,291.7284,42247300,283.7087,280.9586,273.663,262.9088,263.8185,256.6938,284.8513,275.6618,271.0249,267.5905,264.7093,260.1592,255.6293,67.6823,7.7968,5.8009,1.9959,53631100.0,0.7877,274.5346,6.4686
2026-05-12,294.546,295.0156,292.3079,292.3079,45748100,286.6686,283.3904,275.3682,263.5148,264.0253,257.1023,287.0056,277.3785,272.3689,268.5532,265.3723,260.6335,256.0166,68.706,8.2759,6.2959,1.9799,54204020.0,0.844,276.2155,6.2
2026-05-13,298.6125,300.6607,293.2471,293.2471,52684300,289.04,286.2828,277.2845,264.2214,264.3004,257.5303,289.5849,279.3089,273.8686,269.6267,266.111,261.1574,256.4404,70.5843,8.8813,6.813,2.0683,56467660.0,0.933,278.0218,6.2867
2026-05-14,297.953,300.1911,295.1255,299.5617,35324900,291.742,288.9914,278.8082,264.9394,264.5654,257.9688,291.4445,281.0038,275.2448,270.6384,266.8186,261.6649,256.8535,69.8703,9.2018,7.2908,1.911,50815330.0,0.6952,279.3839,6.1995
2026-05-15,299.9713,302.9388,296.2645,297.6433,54862800,293.7792,291.0244,280.5721,265.7423,264.8358,258.4284,293.3394,282.7281,276.6578,271.686,267.5553,262.1933,257.2825,70.819,9.5091,7.7344,1.7746,48310070.0,1.1356,281.1787,6.2334
2026-05-18,297.5833,300.4009,294.6559,299.9813,34483000,295.1024,293.1491,281.8975,266.554,265.1093,258.8835,294.2825,284.0786,277.8535,272.6109,268.2226,262.6814,257.6835,68.153,9.4509,8.0777,1.3732,47091530.0,0.7323,282.1087,6.1985
2026-05-19,298.7124,300.2511,296.0946,296.7141,42243600,296.5755,294.653,283.1427,267.3399,265.3802,259.37,295.2669,285.4089,279.0454,273.5431,268.9001,263.1784,258.0918,68.7373,9.3877,8.3397,1.048,46384720.0,0.9107,283.5831,6.0526
2026-05-20,301.9896,302.5391,297.8231,297.9231,38229800,297.7245,296.1521,284.871,268.1724,265.6695,259.8681,296.7608,286.9163,280.3565,274.559,269.6355,263.7137,258.5286,70.3927,9.4927,8.5703,0.9224,44374090.0,0.8615,284.8544,5.9572
2026-05-21,304.7272,305.2767,300.1411,300.8006,42965100,299.2619,297.932,286.3969,269.06,265.9902,260.382,298.5311,288.5354,281.7491,275.6365,270.4153,264.2794,258.9882,71.7068,9.6851,8.7933,0.8918,44148170.0,0.9732,286.0883,5.8985
2026-05-22,308.5539,311.1317,305.5765,305.8562,43670200,301.0129,299.5077,288.0926,270.125,266.3455,260.8636,300.7584,290.3553,283.2808,276.8121,271.2628,264.8901,259.4814,73.4372,10.0308,9.0408,0.99,43245910.0,1.0098,287.6995,5.9346
2026-05-26,308.0643,311.5513,307.4049,309.2933,48000500,302.1944,301.0713,289.8777,271.2928,266.7028,261.3091,302.3819,291.9652,284.697,277.9282,272.0806,265.4856,259.9648,72.8388,10.1482,9.2623,0.886,43821230.0,1.0954,289.6495,5.8069
2026-05-27,310.5822,312.9901,308.0343,308.0643,50430900,303.773,302.675,291.9467,272.457,267.0974,261.7208,304.2042,293.6577,286.1762,279.0945,272.9362,266.1076,260.4685,73.9836,10.3254,9.4749,0.8505,44289510.0,1.1387,291.5017,5.7461
2026-05-28,312.2407,312.5305,309.3033,310.4123,48220400,305.3067,304.0378,293.9473,273.6263,267.5171,262.1503,305.9901,295.347,287.6656,280.2782,273.8096,266.7439,260.9836,74.7206,10.4789,9.6757,0.8032,43843120.0,1.0998,293.1321,5.5662
2026-05-29,311.7911,314.7286,309.2633,311.5113,70026800,307.0827,305.4216,295.9522,274.8722,267.9696,262.5652,307.2792,296.8419,289.0442,281.4037,274.6537,267.3653,261.4892,74.1229,10.4439,9.8293,0.6146,47313310.0,1.4801,296.5126,5.559
2026-06-01,306.0461,310.6721,304.7572,309.3632,48849900,307.9994,306.0291,297.6274,276.0228,268.4136,262.9331,307.0052,297.6787,290.0157,282.2838,275.3513,267.8988,261.9325,66.9394,9.8391,9.8313,0.0078,46712020.0,1.0458,298.3302,5.6643
2026-06-02,314.9284,315.1782,306.4257,307.1951,44534700,309.6167,307.7636,299.3078,277.3704,268.9667,263.3481,308.7659,299.2468,291.4393,283.4497,276.2308,268.5475,262.4599,71.4337,9.9618,9.8574,0.1044,47717190.0,0.9333,300.0333,5.912
2026-06-03,309.9926,316.6669,308.5839,313.9093,50836700,310.2749,308.8916,300.9104,278.5494,269.4832,263.7444,309.0385,300.2237,292.4995,284.3976,276.981,269.1191,262.9328,66.1842,9.5506,9.796,-0.2455,48576500.0,1.0465,301.6359,6.0671
2026-06-04,310.9618,313.2698,309.3832,312.9601,44869100,310.5759,309.7888,302.2099,279.7448,270.0062,264.149,309.4659,301.1999,293.5545,285.3464,277.7362,269.6963,263.4107,66.6889,9.1969,9.6762,-0.4793,49240430.0,0.9112,303.1295,5.9114
2026-06-05,307.0752,314.8984,306.8853,312.5904,65310500,310.4523,310.0236,303.1659,280.8429,270.4815,264.5358,308.9346,301.734,294.3271,286.1224,278.3881,270.2119,263.8452,62.7455,8.5049,9.4419,-0.937,51474970.0,1.2688,304.2913,6.0615
2026-06-08,301.2802,317.1265,300.9105,308.474,77949100,309.2895,309.2963,303.8494,281.8198,270.8909,264.9163,307.2336,301.6928,294.7244,286.6637,278.8968,270.6404,264.2177,57.4291,7.4036,9.0343,-1.6307,54902860.0,1.4198,305.1125,6.7868
2026-06-09,290.2996,300.4908,287.532,300.0212,70108800,306.5469,307.5198,303.7304,282.6586,271.2013,265.2474,303.4705,300.657,294.4716,286.7936,279.1502,270.9115,264.4772,49.1446,5.5804,8.3435,-2.7631,57113690.0,1.2275,304.8039,7.284
2026-06-10,291.3287,294.496,287.1324,290.4895,52793300,303.9891,305.5944,303.6781,283.5614,271.5395,265.5695,300.7724,299.809,294.292,286.9556,279.4209,271.1932,264.7444,49.8564,4.1705,7.5089,-3.3384,57349930.0,0.9205,304.5744,7.2897
2026-06-11,295.3752,296.7441,289.3404,293.4669,42572500,302.6552,303.9079,303.7176,284.4021,271.9449,265.9147,299.573,299.4059,294.3539,287.2563,279.7754,271.5267,265.0492,52.5959,3.3411,6.6753,-3.3342,56785140.0,0.7497,304.4894,7.2979
2026-06-12,290.8792,296.884,289.3704,295.7749,38742100,299.6491,301.8167,303.3493,285.1162,272.3934,266.2268,297.641,298.6308,294.1553,287.3856,280.0222,271.7936,265.3062,49.4444,2.2946,5.7992,-3.5046,53656670.0,0.722,304.2603,7.3133
2026-06-15,296.1646,297.5234,291.4486,293.8665,45732600,297.9206,300.8286,303.2642,285.9302,272.8853,266.5594,297.3129,298.4066,294.2701,287.6992,280.3809,272.1298,265.6132,52.926,1.8702,5.0134,-3.1432,53344940.0,0.8573,304.0878,7.2655
2026-06-16,298.9821,300.2211,293.7167,294.9956,39874400,296.4231,299.2339,303.2171,286.7419,273.3983,266.8958,297.6839,298.4589,294.5394,288.1021,280.7942,272.5002,265.9453,54.6732,1.7411,4.3589,-2.6179,52878910.0,0.7541,304.0564,7.2111
2026-06-17,295.695,301.8097,294.1063,300.5907,42745100,295.0006,297.8042,303.1271,287.5948,273.8816,267.2178,297.2419,298.2076,294.6054,288.3733,281.1254,272.8201,266.2413,52.2955,1.3579,3.7587,-2.4009,52069750.0,0.8209,304.0048,7.2463
2026-06-18,297.7532,300.311,295.3652,297.8531,85962200,294.5597,296.4833,303.0815,288.3811,274.312,267.5622,297.3555,298.1663,294.7853,288.7083,281.4949,273.164,266.5548,53.6215,1.2063,3.2482,-2.0419,56179060.0,1.5301,303.6164,7.082
2026-06-22,296.7541,302.1594,296.5043,297.0538,44879900,295.3665,295.4512,302.8322,289.1157,274.7038,267.8581,297.2219,298.0379,294.8978,288.9957,281.834,273.4894,266.8553,52.8724,0.9942,2.7974,-1.8032,54136000.0,0.829,303.4074,6.98
2026-06-23,294.0464,301.3801,293.9265,297.2836,52010900,295.7062,294.7278,302.3236,289.7963,275.0869,268.1338,296.5162,297.6751,294.8492,289.176,282.1054,273.7729,267.1259,50.8509,0.6006,2.3581,-1.7574,51542180.0,1.0091,302.8618,7.0139
2026-06-24,292.8274,299.4417,292.6876,295.1055,53081900,295.3877,294.9806,301.5747,290.4781,275.4393,268.4039,295.6965,297.2344,294.7336,289.3065,282.3436,274.0357,267.3816,49.9482,0.1882,1.9241,-1.7359,49839490.0,1.0651,302.1951,6.9953
2026-06-25,274.9129,288.5511,273.5141,287.1523,107013700,293.392,293.339,299.996,290.8089,275.6007,268.5934,291.0779,295.2051,293.601,288.7924,282.1785,274.0478,267.4566,39.2076,-1.5661,1.2261,-2.7922,55261530.0,1.9365,299.6167,7.8752
2026-06-26,283.5355,285.7036,273.9737,274.763,261775500,291.8133,292.155,298.7081,291.1605,275.7433,268.8437,289.4018,294.1443,293.0258,288.6046,282.2087,274.1787,267.6165,45.1666,-2.2349,0.5339,-2.7688,77181830.0,3.3917,295.5702,8.1505
2026-06-29,281.4972,288.1215,279.6089,286.4829,66427000,289.6277,291.2168,297.2441,291.5319,275.8708,269.1214,287.6452,292.9945,292.3671,288.3508,282.1928,274.2797,267.7547,44.0938,-2.896,-0.1521,-2.7439,79950320.0,0.8309,294.0916,8.1764
2026-06-30,289.1107,289.6902,280.4581,280.9277,65100200,288.8047,290.5114,296.1641,291.9191,276.0045,269.421,287.9709,292.6415,292.181,288.3779,282.3466,274.4842,267.9672,48.858,-2.7737,-0.6764,-2.0972,81887080.0,0.795,293.2503,8.2518
2026-07-01,294.1263,296.3344,288.9508,293.1872,50164200,288.3513,290.0259,295.5965,292.3504,276.1942,269.7256,289.3388,292.7764,292.2921,288.5832,282.6083,274.7551,268.2275,51.7048,-2.2461,-0.9904,-1.2557,82916060.0,0.605,292.6254,8.1898
2026-07-02,308.364,309.1534,293.4269,293.8665,75352800,289.8026,291.2928,295.2839,293.2037,276.5041,270.0883,293.5666,294.1935,293.2105,289.2897,283.1807,275.2187,268.6268,58.5775,-0.6713,-0.9266,0.2552,86176830.0,0.8744,292.523,8.7281
2026-07-06,312.3906,313.9293,306.7355,307.0951,53590000,292.0956,292.7565,295.3981,293.9979,276.8867,270.4639,297.7497,295.8478,294.3065,290.1147,283.8298,275.7314,269.0623,60.2569,0.8913,-0.563,1.4543,82939610.0,0.6461,292.633,8.6185
2026-07-07,310.3923,315.2082,309.8827,315.0183,42490000,294.2912,294.1203,295.371,294.7469,277.2587,270.8253,300.5592,297.17,295.2257,290.8389,284.4201,276.2095,269.4735,59.0102,1.946,-0.0612,2.0072,82700620.0,0.5138,292.4182,8.3833
2026-07-08,313.12,314.5487,306.7854,311.6412,41323500,299.0671,296.0277,295.6588,295.5977,277.6398,271.2059,303.3505,298.62,296.2483,291.6347,285.0579,276.7186,269.9078,60.1907,2.9677,0.5446,2.4231,81631880.0,0.5062,292.1892,8.339
2026-07-09,315.9475,316.2572,307.8945,310.2424,48124500,303.1186,298.3397,296.3573,296.574,278.1867,271.5626,306.1498,300.1952,297.3739,292.503,285.7443,277.2597,270.3659,61.4007,3.96,1.2277,2.7323,81136140.0,0.5931,292.936,8.3407
2026-07-10,315.0483,316.6369,311.901,314.4488,34132300,307.3125,302.3532,297.5358,297.4704,278.7839,271.8622,308.1273,301.5455,298.3839,293.3082,286.3955,277.7809,270.8105,60.7838,4.6205,1.9062,2.7143,73848000.0,0.4622,293.5866,8.0832
2026-07-13,317.0366,323.1713,315.5079,316.7468,43257800,310.8032,305.7034,298.76,298.4174,279.3202,272.1799,310.1071,302.9538,299.4498,294.1556,287.0764,278.3224,271.2705,61.6777,5.244,2.5738,2.6702,51996230.0,0.8319,294.4156,8.0861
2026-07-14,314.5887,315.9176,311.6412,313.4897,36336800,313.361,309.0125,299.6749,299.2918,279.8273,272.4959,311.103,304.0115,300.3148,294.8854,287.6878,278.8226,271.7015,59.9123,5.4775,3.1545,2.3229,48987210.0,0.7418,295.0301,7.8939
2026-07-15,327.2178,328.4468,317.0466,317.3463,60957600,315.7177,312.8232,301.4053,300.2433,280.4983,272.8524,314.6841,306.1212,301.8522,296.0401,288.5662,279.4901,272.2539,65.2939,6.6054,3.8447,2.7607,48572950.0,1.255,296.3943,8.3199
2026-07-16,332.9728,334.3916,326.5084,327.7274,62970600,318.2905,316.7079,303.1581,301.3761,281.1869,273.2446,318.7482,308.5622,303.6305,297.3591,289.5531,280.2278,272.8581,67.3886,7.8729,4.6503,3.2226,49853590.0,1.2631,298.012,8.2887
2026-07-17,333.4524,334.7013,328.7165,331.6939,63407100,321.173,319.2167,304.7995,302.3716,281.8644,273.6444,322.0158,310.825,305.3346,298.6482,290.5286,280.962,273.461,67.5599,8.8145,5.4832,3.3313,48659020.0,1.3031,299.6495,8.1241
2026-07-20,326.3086,333.4224,323.4011,333.2226,53468000,322.8216,320.6085,306.2573,303.1579,282.4109,274.0075,322.9698,312.2326,306.5331,299.6361,291.3237,281.5874,273.9869,62.4302,8.8819,6.1629,2.719,48646820.0,1.0991,300.9099,8.2618
2026-07-21,327.4576,329.316,321.9423,322.8516,41338900,324.2603,322.315,307.6718,303.9684,282.9481,274.3723,323.9671,313.6167,307.7288,300.6297,292.1267,282.2201,274.5189,62.9058,8.9252,6.7154,2.2098,48531710.0,0.8518,301.7911,8.1983
2026-07-22,325.6092,328.7165,323.0614,327.5875,38755900,325.5805,323.5639,309.0458,304.6247,283.4796,274.7194,324.332,314.7069,308.7505,301.5218,292.8707,282.8186,275.0273,61.5888,8.7099,7.1143,1.5956,48274950.0,0.8028,302.7211,8.0167
2026-07-23,321.3828,323.0214,319.0748,321.4528,40840800,326.1237,324.1075,310.3476,305.2038,284.0563,275.041,323.6766,315.3138,309.4724,302.2311,293.5043,283.3505,275.4885,58.641,8.1048,7.3124,0.7924,47546580.0,0.859,303.6254,7.9108
2026-07-24,332.733,334.0819,321.3429,321.5127,47489400,328.3918,325.8759,312.2478,305.9675,284.7411,275.4259,325.6892,316.8974,310.8015,303.3205,294.3761,284.0317,276.0581,63.5592,8.4438,7.5387,0.9052,48882290.0,0.9715,306.77,8.2557
2026-07-27,336.6197,339.2774,333.7322,334.2517,49604300,329.567,327.8343,315.1863,306.7277,285.4745,275.8313,328.1182,318.6903,312.2769,304.5097,295.3148,284.757,276.6607,65.0533,8.9233,7.8156,1.1077,49516940.0,1.0018,314.852,8.1334
2026-07-28,339.7869,342.5945,335.3108,339.737,51859000,330.4188,330.3541,317.8649,307.5643,286.2519,276.2447,330.7112,320.6082,313.8489,305.7696,296.3031,285.516,277.2888,66.2378,9.4498,8.1424,1.3074,51069160.0,1.0155,318.2251,8.0727
2026-07-29,337.8986,344.2731,337.0593,339.4373,56090800,330.9746,331.4222,320.5507,308.3229,287.0326,276.6687,332.3084,322.18,315.2231,306.9171,297.2274,286.2386,277.8919,64.8616,9.6041,8.4348,1.1693,50582480.0,1.1089,321.5306,8.0114
2026-07-30,333.1427,334.4615,329.306,332.813,74817800,331.8288,331.4391,322.6474,309.0341,287.794,277.1125,332.4938,323.1766,316.2471,307.8537,298.0256,286.8855,278.4417,61.4832,9.2361,8.595,0.6411,51767200.0,1.4453,323.7253,8.0529
2026-07-31,308.6438,310.4223,299.7415,304.5474,132489100,329.4771,328.9583,323.3388,309.2327,288.2863,277.422,327.1938,321.8555,315.8126,307.8819,298.2615,287.1856,278.7422,47.9694,6.8882,8.2537,-1.3655,58675400.0,2.258,322.9801,9.8635
2026-08-03,303.1586,311.5313,302.2993,309.3132,75052000,326.6708,326.6433,323.0909,309.2561,288.7142,277.7035,321.8526,320.1558,315.0896,307.7133,298.3703,287.4059,278.9851,45.6125,4.5326,7.5095,-2.9768,60833800.0,1.2337,322.3785,9.8184
2026-08-04,309.1134,310.1525,301.0604,302.4691,68001000,325.1371,324.8089,322.9348,309.3438,289.2019,278.007,319.0217,319.1519,314.7481,307.7633,298.6091,287.7054,279.2849,48.497,3.1104,6.6297,-3.5192,63500010.0,1.0709,321.8316,9.7665
2026-08-05,310.732,311.4414,305.4066,309.0934,49438800,322.387,323.3212,322.951,309.3874,289.7562,278.3279,317.1796,318.3865,314.5186,307.8693,298.8785,288.023,279.5978,49.265,2.0899,5.7217,-3.6318,64568300.0,0.7657,321.6568,9.5
2026-08-06,312.1408,316.0175,308.9636,314.0691,46139900,319.3271,322.397,322.9044,309.4689,290.3808,278.6318,316.0598,317.8187,314.3827,308.0218,299.1732,288.3556,279.9216,49.9471,1.3789,4.8531,-3.4743,65098210.0,0.7088,321.6307,9.3252
2026-08-07,313.06,314.5387,310.4722,311.1816,34437200,315.9862,320.4297,322.7669,309.5185,290.9877,278.8908,315.3932,317.3861,314.3071,308.2018,299.4818,288.6964,280.2514,50.4039,0.8794,4.0584,-3.179,63792990.0,0.5398,321.5726,8.9496
2026-08-10,308.26,308.26,304.61,306.83,44812500,312.2814,317.5937,322.4436,309.4388,291.5326,279.123,313.808,316.5564,313.9616,308.2039,299.6769,288.9662,280.5301,48.0019,0.0952,3.2657,-3.1706,63313810.0,0.7078,321.1106,8.9139
2026-08-11,304.91,309.97,302.79,307.75,37476700,308.7523,314.106,321.8662,309.3012,292.0867,279.3601,311.8307,315.4977,313.4443,308.0862,299.7932,289.1861,280.7727,46.3821,-0.7876,2.4551,-3.2427,61875580.0,0.6057,320.8327,8.7901
2026-08-12,302.25,305.66,300.57,305.1,41657800,307.9531,310.5411,321.2786,309.2253,292.6241,279.5782,309.7017,314.2933,312.8047,307.8778,299.8478,289.3663,280.9864,45.1129,-1.6824,1.6276,-3.31,60432280.0,0.6893,319.9701,8.5258
2026-08-13,305.26,306.0,302.05,304.21,40349300,308.2158,307.7529,320.233,309.0319,293.2012,279.7953,308.7146,313.4721,312.3735,307.7843,299.968,289.5855,281.2279,46.8412,-2.1242,0.8772,-3.0014,56985430.0,0.7081,318.7383,8.1989
2026-08-14,305.93,307.49,304.3,306.0,28229400,307.8179,307.4815,318.9452,308.9507,293.7501,279.9858,308.0958,312.7865,312.0053,307.7181,300.1005,289.811,281.4737,47.2296,-2.3927,0.2232,-2.6159,46559460.0,0.6063,317.5776,7.8412
2026-08-17,305.59,307.66,302.94,306.21,38169300,307.1751,307.7246,317.6185,308.8432,294.294,280.1737,307.539,312.1322,311.6387,307.6421,300.2225,290.0286,281.7136,47.0464,-2.6029,-0.342,-2.2609,42871190.0,0.8903,316.6068,7.6182
2026-08-18,310.03,311.49,305.74,307.58,53424500,306.9113,307.8163,316.8433,308.9023,294.8726,280.3803,308.0925,311.9411,311.5468,307.7273,300.4404,290.3045,281.9954,49.7198,-2.3837,-0.7503,-1.6334,41413540.0,1.29,315.8443,7.4955
2026-08-19,316.83,319.28,309.6,310.14,50505600,307.3825,308.4261,316.3372,309.2133,295.5165,280.6125,310.0342,312.3856,311.8487,308.0524,300.8047,290.6704,282.342,53.4954,-1.6424,-0.9287,-0.7137,41520220.0,1.2164,315.4519,7.6515
2026-08-20,311.3,320.28,310.65,317.46,40959200,307.7625,308.342,315.6558,309.6333,296.146,280.8221,310.3155,312.2869,311.8174,308.1684,301.0379,290.9549,282.6302,50.272,-1.484,-1.0398,-0.4442,41002150.0,0.999,315.1791,7.7929
2026-08-21,309.35,312.38,307.01,312.05,46876800,308.3175,307.971,315.0828,309.9938,296.7776,281.0285,310.1009,312.0199,311.6764,308.2106,301.2226,291.2086,282.896,49.1749,-1.4986,-1.1316,-0.367,42246110.0,1.1096,314.2953,7.6198
2026-08-24,310.34,313.36,309.97,311.47,34673600,309.3287,308.179,314.0165,310.2931,297.3476,281.235,310.1541,311.8672,311.6,308.2867,301.4252,291.4725,283.1691,49.7594,-1.4139,-1.188,-0.2259,41232220.0,0.8409,313.1378,7.3619
2026-08-25,309.9,313.59,308.21,310.79,25869800,309.9087,308.678,312.7441,310.6735,297.8948,281.4388,310.0976,311.6883,311.5029,308.3443,301.6135,291.7267,283.4351,49.4938,-1.3666,-1.2237,-0.1428,40071530.0,0.6456,311.7453,7.2204
2026-08-26,313.45,315.43,308.8,310.3,34024500,310.8487,309.798,311.49,311.0192,298.4747,281.6621,310.8426,311.8485,311.6141,308.5266,301.8766,292.0263,283.7337,51.6788,-1.0307,-1.1851,0.1544,39308200.0,0.8656,310.1985,7.1782
2026-08-27,314.58,315.4,309.4,310.55,32419200,311.9725,310.73,310.3796,311.3311,299.0365,281.8976,311.6731,312.0968,311.7836,308.7428,302.1589,292.3374,284.0407,52.3676,-0.6657,-1.0813,0.4155,38515190.0,0.8417,308.5662,7.0941
2026-08-28,319.7,322.37,315.45,316.85,38649400,313.1812,312.107,309.7395,311.8112,299.703,282.1526,313.4569,312.788,312.236,309.1342,302.5487,292.7148,284.3955,55.3925,0.0363,-0.8577,0.894,39557190.0,0.9771,309.3956,7.1438
2026-08-31,316.85,321.24,312.8,319.6,41242700,313.1838,313.233,310.1302,312.1932,300.2871,282.3644,314.2109,313.1573,312.4996,309.4097,302.8665,293.0477,284.7184,53.4101,0.3585,-0.6145,0.973,39864530.0,1.0346,310.1114,7.2364
2026-09-01,325.13,327.3,314.73,316.98,53167400,314.9125,314.743,311.1765,312.7607,300.9382,282.6264,316.6374,314.2457,313.2214,309.9712,303.3612,293.4902,285.1205,57.9959,1.2674,-0.2381,1.5055,39838820.0,1.3346,311.1939,7.6173
2026-09-02,324.96,328.4,323.53,326.87,33776400,316.8638,315.556,311.9311,313.379,301.5876,282.8901,318.4868,315.2197,313.8921,310.5065,303.8412,293.9243,285.5169,57.8731,1.9515,0.1998,1.7517,38165900.0,0.885,311.9299,7.4211
2026-09-03,328.21,330.81,324.11,324.87,37225800,319.0975,317.247,312.7634,314.0866,302.2823,283.1728,320.6475,316.4007,314.7103,311.1387,304.3827,294.3972,285.9417,59.5906,2.7245,0.7048,2.0197,37792560.0,0.985,312.6494,7.3696
2026-09-04,319.97,328.93,317.86,328.31,39606900,320.3563,318.309,313.1362,314.9878,302.8984,283.439,320.497,316.7252,315.0109,311.4541,304.7291,294.7499,286.2803,53.756,2.6417,1.0922,1.5496,37065570.0,1.0686,313.1272,7.6339
2026-09-08,316.22,320.7,314.9,317.1,35477100,320.7025,318.897,313.2867,315.6415,303.401,283.6866,319.5465,316.6792,315.08,311.6244,304.9845,295.0461,286.5782,51.3533,2.2477,1.3233,0.9244,37145920.0,0.9551,313.6627,7.5029
2026-09-09,315.34,319.15,309.9,315.49,65640000,320.7975,319.441,313.6238,316.3183,303.9251,283.9241,318.6118,316.5575,315.0948,311.7571,305.2146,295.326,286.8644,50.7939,1.8431,1.4272,0.4159,41122940.0,1.5962,314.1132,7.6277
2026-09-10,326.57,326.74,316.51,316.67,69925100,321.6562,320.753,314.6552,317.0675,304.4933,284.2293,320.3803,317.4677,315.7505,312.2861,305.6892,295.757,287.2595,57.0613,2.401,1.622,0.779,44713000.0,1.5639,315.4351,7.8971
2026-09-11,333.28,336.22,326.3,327.63,31728324,323.71,322.623,316.1329,317.8506,305.1005,284.5419,323.2469,318.9052,316.7522,313.0359,306.3023,296.2745,287.7174,60.2387,3.3459,1.9668,1.3792,44643912.4,0.7107,316.5982,8.0416
